License Year, Hunting District,Residency,Hunters,Days,Days per Hunter,Total Harvest,Billies,Nannies,Kids
2005,100,R,7,63,9,5,3,2,0,
2005,100,SUM,7,63,9,5,3,2,0,
2005,101,R,4,26,7,4,3,1,0,
2005,101,SUM,4,26,7,4,3,1,0,
2005,131,R,4,24,6,2,1,1,0,
2005,131,SUM,4,24,6,2,1,1,0,
2005,132,R,5,53,11,4,3,1,0,
2005,132,SUM,5,53,11,4,3,1,0,
2005,133,R,4,23,6,3,1,2,0,
2005,133,SUM,4,23,6,3,1,2,0,
2005,134,R,2,10,5,2,2,0,0,
2005,134,SUM,2,10,5,2,2,0,0,
2005,140,R,2,13,7,1,0,1,0,
2005,140,SUM,2,13,7,1,0,1,0,
2005,141,R,4,43,11,4,3,0,1,
2005,141,SUM,4,43,11,4,3,0,1,
2005,142,R,3,15,5,3,1,2,0,
2005,142,SUM,3,15,5,3,1,2,0,
2005,150,R,2,7,4,2,0,2,0,
2005,150,SUM,2,7,4,2,0,2,0,
2005,151,R,4,26,7,3,2,1,0,
2005,151,SUM,4,26,7,3,2,1,0,
2005,212,R,2,13,7,1,1,0,0,
2005,212,SUM,2,13,7,1,1,0,0,
2005,222,R,1,9,9,1,1,0,0,
2005,222,SUM,1,9,9,1,1,0,0,
2005,223,R,2,8,4,1,1,0,0,
2005,223,SUM,2,8,4,1,1,0,0,
2005,240,R,12,88,7,8,4,4,0,
2005,240,SUM,12,88,7,8,4,4,0,
2005,250,R,2,24,12,2,2,0,0,
2005,250,SUM,2,24,12,2,2,0,0,
2005,261,R,1,2,2,0,0,0,0,
2005,261,SUM,1,2,2,0,0,0,0,
2005,270,R,1,15,15,0,0,0,0,
2005,270,SUM,1,15,15,0,0,0,0,
2005,280,R,2,10,5,1,1,0,0,
2005,280,SUM,2,10,5,1,1,0,0,
2005,312,R,8,63,8,8,4,4,0,
2005,312,SUM,8,63,8,8,4,4,0,
2005,313,N,3,7,2,3,1,2,0,
2005,313,R,27,146,5,24,17,7,0,
2005,313,SUM,30,153,5,27,18,9,0,
2005,314,N,1,5,5,0,0,0,0,
2005,314,R,13,66,5,12,5,7,0,
2005,314,SUM,14,71,5,12,5,7,0,
2005,316,N,1,1,1,1,0,1,0,
2005,316,R,11,36,3,8,4,4,0,
2005,316,SUM,12,37,3,9,4,5,0,
2005,320,N,1,2,2,0,0,0,0,
2005,320,R,14,101,7,12,9,3,0,
2005,320,SUM,15,103,7,12,9,3,0,
2005,321,R,4,21,5,3,3,0,0,
2005,321,SUM,4,21,5,3,3,0,0,
2005,322,R,2,16,8,2,1,1,0,
2005,322,SUM,2,16,8,2,1,1,0,
2005,323,N,2,4,2,1,0,1,0,
2005,323,R,20,109,6,13,10,2,0,
2005,323,SUM,22,113,5,14,10,3,0,
2005,324,R,4,20,5,4,3,1,0,
2005,324,SUM,4,20,5,4,3,1,0,
2005,325,N,1,5,5,1,1,0,0,
2005,325,R,9,58,6,9,6,3,0,
2005,325,SUM,10,63,6,10,7,3,0,
2005,326,N,1,9,9,0,0,0,0,
2005,326,R,14,72,5,8,4,3,0,
2005,326,SUM,15,81,5,8,4,3,0,
2005,327,R,8,17,2,5,3,3,0,
2005,327,SUM,8,17,2,5,3,3,0,
2005,328,R,4,39,10,3,2,1,0,
2005,328,SUM,4,39,10,3,2,1,0,
2005,329,N,3,5,2,3,2,1,0,
2005,329,R,26,155,6,18,12,5,0,
2005,329,SUM,29,160,6,21,14,6,0,
2005,330,R,6,42,7,4,2,2,0,
2005,330,SUM,6,42,7,4,2,2,0,
2005,331,R,5,8,2,4,3,1,0,
2005,331,SUM,5,8,2,4,3,1,0,
2005,362,R,5,43,9,3,2,1,0,
2005,362,SUM,5,43,9,3,2,1,0,
2005,393,R,5,28,6,5,5,0,0,
2005,393,SUM,5,28,6,5,5,0,0,
2005,414,R,1,11,11,0,0,0,0,
2005,414,SUM,1,11,11,0,0,0,0,
2005,415,R,3,18,6,2,2,0,0,
2005,415,SUM,3,18,6,2,2,0,0,
2005,442,R,1,15,15,0,0,0,0,
2005,442,SUM,1,15,15,0,0,0,0,
2005,447,N,1,4,4,1,1,0,0,
2005,447,R,11,27,3,10,4,6,0,
2005,447,SUM,12,31,3,11,5,6,0,
2005,451,R,4,24,6,4,2,2,0,
2005,451,SUM,4,24,6,4,2,2,0,
2005,460,R,5,60,12,5,4,1,0,
2005,460,SUM,5,60,12,5,4,1,0,
2005,514,R,4,18,5,4,1,3,0,
2005,514,SUM,4,18,5,4,1,3,0,
2005,517,R,8,33,4,7,2,5,0,
2005,517,SUM,8,33,4,7,2,5,0,
2005,518,R,5,26,5,4,4,0,0,
2005,518,SUM,5,26,5,4,4,0,0,
2005,519,R,2,12,6,0,0,0,0,
2005,519,SUM,2,12,6,0,0,0,0,
2005,Reg_1,R,41,303,7,33,19,13,1,
2005,Reg_1,SUM,41,303,7,33,19,13,1,
2005,Reg_2,R,23,169,7,14,10,4,0,
2005,Reg_2,SUM,23,169,7,14,10,4,0,
2005,Reg_3,N,13,38,3,9,4,5,0,
2005,Reg_3,R,185,1040,6,143,95,49,0,
2005,Reg_3,SUM,198,1078,6,152,99,54,0,
2005,Reg_4,N,1,4,4,1,1,0,0,
2005,Reg_4,R,25,155,6,21,12,9,0,
2005,Reg_4,SUM,26,159,6,22,13,9,0,
2005,Reg_5,R,19,89,5,15,7,8,0,
2005,Reg_5,SUM,19,89,5,15,7,8,0,
2005,State,N,14,42,3,10,5,5,0,
2005,State,R,293,1756,6,226,143,83,1,
2005,State,SUM,307,1798,6,236,148,88,1,
2007,100,R,6,22,3,6,3,2,1,
2007,100,SUM,6,22,3,6,3,2,1,
2007,101,R,4,46,12,4,2,1,1,
2007,101,SUM,4,46,12,4,2,1,1,
2007,131,R,5,18,4,5,2,3,0,
2007,131,SUM,5,18,4,5,2,3,0,
2007,132,R,2,32,16,1,1,0,0,
2007,132,SUM,2,32,16,1,1,0,0,
2007,133,N,1,7,7,0,0,0,0,
2007,133,R,2,15,8,2,1,0,1,
2007,133,SUM,3,22,7,2,1,0,1,
2007,134,R,2,6,3,2,1,1,0,
2007,134,SUM,2,6,3,2,1,1,0,
2007,140,R,2,2,1,2,2,0,0,
2007,140,SUM,2,2,1,2,2,0,0,
2007,141,R,2,1,1,2,1,1,0,
2007,141,SUM,2,1,1,2,1,1,0,
2007,142,R,2,2,1,0,0,0,0,
2007,142,SUM,2,2,1,0,0,0,0,
2007,150,R,2,2,1,2,1,1,0,
2007,150,SUM,2,2,1,2,1,1,0,
2007,151,R,1,7,7,0,0,0,0,
2007,151,SUM,1,7,7,0,0,0,0,
2007,212,R,1,15,15,1,0,1,0,
2007,212,SUM,1,15,15,1,0,1,0,
2007,223,R,1,14,14,1,0,1,0,
2007,223,SUM,1,14,14,1,0,1,0,
2007,240,R,10,161,16,6,3,3,0,
2007,240,SUM,10,161,16,6,3,3,0,
2007,250,R,1,1,1,1,0,1,0,
2007,250,SUM,1,1,1,1,0,1,0,
2007,280,R,1,7,7,0,0,0,0,
2007,280,SUM,1,7,7,0,0,0,0,
2007,312,R,8,29,4,5,4,1,0,
2007,312,SUM,8,29,4,5,4,1,0,
2007,313,N,4,13,3,3,3,0,0,
2007,313,R,36,237,7,30,17,14,0,
2007,313,SUM,40,250,7,33,20,14,0,
2007,314,N,1,0,0,1,0,1,0,
2007,314,R,13,65,5,9,7,2,0,
2007,314,SUM,14,65,5,10,7,3,0,
2007,316,N,0,0,0,0,0,0,0,
2007,316,R,10,75,8,3,1,2,0,
2007,316,SUM,10,75,8,3,1,2,0,
2007,320,N,1,9,9,0,0,0,0,
2007,320,R,12,71,6,8,3,5,0,
2007,320,SUM,13,80,6,8,3,5,0,
2007,321,R,0,0,0,0,0,0,0,
2007,321,SUM,0,0,0,0,0,0,0,
2007,322,R,1,0,0,1,0,1,0,
2007,322,SUM,1,0,0,1,0,1,0,
2007,323,N,1,2,2,1,0,1,0,
2007,323,R,24,70,3,19,14,4,1,
2007,323,SUM,25,72,3,20,14,5,1,
2007,324,R,3,6,3,2,1,1,0,
2007,324,SUM,3,6,3,2,1,1,0,
2007,325,R,4,13,3,4,3,0,1,
2007,325,SUM,4,13,3,4,3,0,1,
2007,326,R,6,22,4,5,5,0,0,
2007,326,SUM,6,22,4,5,5,0,0,
2007,327,R,3,23,6,3,2,1,0,
2007,327,SUM,3,23,6,3,2,1,0,
2007,328,R,2,19,10,2,0,2,0,
2007,328,SUM,2,19,10,2,0,2,0,
2007,329,N,2,6,2,2,0,2,0,
2007,329,R,27,94,4,20,10,10,0,
2007,329,SUM,29,100,4,22,10,12,0,
2007,330,N,1,1,1,1,0,1,0,
2007,330,R,4,40,10,3,0,3,0,
2007,330,SUM,5,41,9,4,0,4,0,
2007,331,R,5,27,5,4,4,0,0,
2007,331,SUM,5,27,5,4,4,0,0,
2007,362,N,1,2,2,1,1,0,0,
2007,362,R,5,34,7,4,4,0,0,
2007,362,SUM,6,36,6,5,5,0,0,
2007,393,R,5,16,3,5,2,3,0,
2007,393,SUM,5,16,3,5,2,3,0,
2007,414,R,1,2,2,1,1,0,0,
2007,414,SUM,1,2,2,1,1,0,0,
2007,415,R,3,9,3,2,2,0,0,
2007,415,SUM,3,9,3,2,2,0,0,
2007,442,R,1,3,3,1,0,1,0,
2007,442,SUM,1,3,3,1,0,1,0,
2007,447,N,0,0,0,0,0,0,0,
2007,447,R,9,29,3,9,5,4,0,
2007,447,SUM,9,29,3,9,5,4,0,
2007,451,N,0,0,0,0,0,0,0,
2007,451,R,3,30,10,3,3,0,0,
2007,451,SUM,3,30,8,3,3,0,0,
2007,460,R,6,30,5,6,5,1,0,
2007,460,SUM,6,30,5,6,5,1,0,
2007,514,R,3,3,1,1,1,0,0,
2007,514,SUM,3,3,1,1,1,0,0,
2007,517,R,5,14,2,5,3,2,0,
2007,517,SUM,5,14,2,5,3,2,0,
2007,518,R,4,30,6,4,2,2,0,
2007,518,SUM,4,30,6,4,2,2,0,
2007,519,R,2,40,20,0,0,0,0,
2007,519,SUM,2,40,20,0,0,0,0,
2007,Reg_1,N,1,7,7,0,0,0,0,
2007,Reg_1,R,30,153,5,26,14,9,3,
2007,Reg_1,SUM,31,160,5,26,14,9,3,
2007,Reg_2,R,14,198,14,9,3,6,0,
2007,Reg_2,SUM,14,198,14,9,3,6,0,
2007,Reg_3,N,11,33,4,9,4,5,0,
2007,Reg_3,R,168,840,5,126,76,48,2,
2007,Reg_3,SUM,179,873,5,135,80,53,2,
2007,Reg_4,N,0,0,0,0,0,0,0,
2007,Reg_4,R,23,103,4,22,16,6,0,
2007,Reg_4,SUM,23,103,4,22,16,6,0,
2007,Reg_5,R,14,87,8,10,6,4,0,
2007,Reg_5,SUM,14,87,8,10,6,4,0,
2007,State,N,13,43,4,10,4,6,0,
2007,State,R,249,1387,6,194,116,73,5,
2007,State,SUM,262,1430,6,204,120,79,5,
2008,100,R,8,91,11,5,2,3,0,
2008,100,SUM,8,91,11,5,2,3,0,
2008,101,R,4,27,7,1,1,0,0,
2008,101,SUM,4,27,7,1,1,0,0,
2008,131,R,4,17,5,4,4,0,0,
2008,131,SUM,4,17,5,4,4,0,0,
2008,132,R,1,10,10,1,1,0,0,
2008,132,SUM,1,10,10,1,1,0,0,
2008,133,R,3,9,3,2,2,0,0,
2008,133,SUM,3,9,3,2,2,0,0,
2008,134,R,1,1,1,1,1,0,0,
2008,134,SUM,1,1,1,1,1,0,0,
2008,140,R,2,12,6,2,1,1,0,
2008,140,SUM,2,12,6,2,1,1,0,
2008,141,R,2,7,4,2,2,0,0,
2008,141,SUM,2,7,4,2,2,0,0,
2008,142,R,2,10,5,2,2,0,0,
2008,142,SUM,2,10,5,2,2,0,0,
2008,150,R,2,6,3,2,1,1,0,
2008,150,SUM,2,6,3,2,1,1,0,
2008,151,R,2,24,12,1,1,0,0,
2008,151,SUM,2,24,12,1,1,0,0,
2008,223,R,2,4,2,2,1,1,0,
2008,223,SUM,2,4,2,2,1,1,0,
2008,240,R,8,76,11,4,2,2,0,
2008,240,SUM,8,76,11,4,2,2,0,
2008,250,R,2,20,10,2,1,1,0,
2008,250,SUM,2,20,10,2,1,1,0,
2008,280,R,2,14,7,2,2,0,0,
2008,280,SUM,2,14,7,2,2,0,0,
2008,312,R,8,92,12,3,3,0,0,
2008,312,SUM,8,92,12,3,3,0,0,
2008,313,N,4,12,3,2,2,0,0,
2008,313,R,44,289,7,35,25,9,0,
2008,313,SUM,48,301,6,37,27,9,0,
2008,314,N,1,3,3,1,1,0,0,
2008,314,R,13,80,6,9,7,2,0,
2008,314,SUM,14,83,6,10,8,2,0,
2008,316,N,1,6,6,1,1,0,0,
2008,316,R,11,55,5,7,2,5,0,
2008,316,SUM,12,61,5,8,3,5,0,
2008,320,N,1,13,13,1,0,1,0,
2008,320,R,14,118,9,11,7,4,0,
2008,320,SUM,15,131,9,12,7,5,0,
2008,323,N,2,9,5,2,2,0,0,
2008,323,R,24,153,6,12,9,3,0,
2008,323,SUM,26,162,6,14,11,3,0,
2008,324,R,4,18,5,4,2,2,0,
2008,324,SUM,4,18,5,4,2,2,0,
2008,325,N,1,1,1,1,1,0,0,
2008,325,R,3,73,24,2,2,0,0,
2008,325,SUM,4,74,19,3,3,0,0,
2008,326,R,6,27,5,4,3,1,0,
2008,326,SUM,6,27,5,4,3,1,0,
2008,327,N,1,1,1,1,0,1,0,
2008,327,R,3,34,11,3,2,1,0,
2008,327,SUM,4,35,9,4,2,2,0,
2008,328,R,2,8,4,2,2,0,0,
2008,328,SUM,2,8,4,2,2,0,0,
2008,329,N,3,12,4,3,2,1,0,
2008,329,R,22,116,5,19,8,10,0,
2008,329,SUM,25,128,5,22,10,11,0,
2008,330,N,1,9,9,1,0,1,0,
2008,330,R,5,50,10,3,1,2,0,
2008,330,SUM,6,59,10,4,1,3,0,
2008,331,N,1,1,1,1,0,1,0,
2008,331,R,4,10,3,2,2,0,0,
2008,331,SUM,5,11,3,3,2,1,0,
2008,362,R,6,49,8,4,2,1,0,
2008,362,SUM,6,49,8,4,2,1,0,
2008,393,R,5,19,4,5,4,1,0,
2008,393,SUM,5,19,4,5,4,1,0,
2008,414,R,1,3,3,1,1,0,0,
2008,414,SUM,1,3,3,1,1,0,0,
2008,415,R,3,18,6,2,2,0,0,
2008,415,SUM,3,18,6,2,2,0,0,
2008,442,R,1,6,6,0,0,0,0,
2008,442,SUM,1,6,6,0,0,0,0,
2008,447,N,1,4,4,1,1,0,0,
2008,447,R,3,6,2,3,2,1,0,
2008,447,SUM,4,10,3,4,3,1,0,
2008,451,R,4,31,8,4,1,3,0,
2008,451,SUM,4,31,8,4,1,3,0,
2008,460,N,1,0,0,1,1,0,0,
2008,460,R,6,17,3,5,4,1,0,
2008,460,SUM,7,17,3,6,5,1,0,
2008,514,R,4,9,2,3,3,0,0,
2008,514,SUM,4,9,2,3,3,0,0,
2008,517,R,7,65,12,4,2,2,0,
2008,517,SUM,7,65,12,4,2,2,0,
2008,518,R,5,25,6,5,4,1,0,
2008,518,SUM,5,25,6,5,4,1,0,
2008,519,R,2,4,2,2,2,0,0,
2008,519,SUM,2,4,2,2,2,0,0,
2008,Reg_1,R,31,214,8,23,18,5,0,
2008,Reg_1,SUM,31,214,8,23,18,5,0,
2008,Reg_2,R,14,114,9,10,6,4,0,
2008,Reg_2,SUM,14,114,9,10,6,4,0,
2008,Reg_3,N,16,67,4,14,9,5,0,
2008,Reg_3,R,174,1191,7,125,81,41,0,
2008,Reg_3,SUM,190,1258,7,139,90,46,0,
2008,Reg_4,N,2,4,2,2,2,0,0,
2008,Reg_4,R,18,81,5,15,10,5,0,
2008,Reg_4,SUM,20,85,5,17,12,5,0,
2008,Reg_5,R,18,103,6,14,11,3,0,
2008,Reg_5,SUM,18,103,7,14,11,3,0,
2008,State,N,18,71,4,16,11,5,0,
2008,State,R,255,1702,7,188,126,59,0,
2008,State,SUM,273,1773,7,204,137,64,0,
2009,100,R,8,33,4,8,4,3,0,
2009,100,SUM,8,33,4,8,4,3,0,
2009,101,R,4,37,9,3,3,0,0,
2009,101,SUM,4,37,9,3,3,0,0,
2009,131,R,5,16,3,5,2,3,0,
2009,131,SUM,5,16,3,5,2,3,0,
2009,132,R,2,18,9,0,0,0,0,
2009,132,SUM,2,18,9,0,0,0,0,
2009,133,R,2,13,8,1,0,1,0,
2009,133,SUM,2,13,8,1,0,1,0,
2009,134,R,2,7,4,2,1,1,0,
2009,134,SUM,2,7,4,2,1,1,0,
2009,140,R,2,7,4,2,1,1,0,
2009,140,SUM,2,7,4,2,1,1,0,
2009,141,R,2,13,7,2,2,0,0,
2009,141,SUM,2,13,7,2,2,0,0,
2009,142,R,2,4,2,2,0,1,0,
2009,142,SUM,2,4,2,2,0,1,0,
2009,150,R,2,5,3,2,2,0,0,
2009,150,SUM,2,5,3,2,2,0,0,
2009,151,N,1,5,5,1,1,0,0,
2009,151,R,0,0,0,0,0,0,0,
2009,151,SUM,1,5,5,1,1,0,0,
2009,223,R,0,0,0,0,0,0,0,
2009,223,SUM,0,0,0,0,0,0,0,
2009,240,R,12,139,12,7,6,1,0,
2009,240,SUM,12,139,12,7,6,1,0,
2009,250,R,1,1,1,1,0,1,0,
2009,250,SUM,1,1,1,1,0,1,0,
2009,280,R,1,2,2,1,0,0,0,
2009,280,SUM,1,2,2,1,0,0,0,
2009,312,R,8,56,7,6,4,2,0,
2009,312,SUM,8,56,7,6,4,2,0,
2009,313,N,5,13,3,5,5,0,0,
2009,313,R,43,250,6,33,22,10,0,
2009,313,SUM,48,263,6,38,27,10,0,
2009,314,N,1,2,2,1,0,1,0,
2009,314,R,13,104,8,11,3,8,0,
2009,314,SUM,14,106,8,12,3,9,0,
2009,316,N,1,4,4,1,1,0,0,
2009,316,R,11,79,7,4,2,2,0,
2009,316,SUM,12,83,7,5,3,2,0,
2009,320,R,3,42,14,3,1,2,0,
2009,320,SUM,3,42,14,3,1,2,0,
2009,323,N,1,7,7,0,0,0,0,
2009,323,R,24,177,7,11,8,3,0,
2009,323,SUM,25,184,7,11,8,3,0,
2009,324,N,1,1,1,1,0,1,0,
2009,324,R,3,21,7,3,1,2,0,
2009,324,SUM,4,22,6,4,1,3,0,
2009,325,R,4,34,9,3,3,0,0,
2009,325,SUM,4,34,9,3,3,0,0,
2009,326,R,5,74,24,3,1,2,0,
2009,326,SUM,5,74,24,3,1,2,0,
2009,327,R,4,14,4,1,0,1,0,
2009,327,SUM,4,14,4,1,0,1,0,
2009,328,R,2,18,9,1,0,1,0,
2009,328,SUM,2,18,9,1,0,1,0,
2009,329,N,2,8,4,2,1,1,0,
2009,329,R,20,109,6,11,7,2,0,
2009,329,SUM,22,117,6,13,8,3,0,
2009,330,R,6,60,10,4,2,2,0,
2009,330,SUM,6,60,10,4,2,2,0,
2009,331,R,2,8,3,2,1,1,0,
2009,331,SUM,2,8,3,2,1,1,0,
2009,362,N,1,4,4,1,0,1,0,
2009,362,R,5,10,3,5,3,1,0,
2009,362,SUM,6,14,4,6,3,2,0,
2009,393,N,1,2,2,1,1,0,0,
2009,393,R,4,23,6,4,3,1,0,
2009,393,SUM,5,25,5,5,4,1,0,
2009,414,R,0,0,0,0,0,0,0,
2009,414,SUM,0,0,0,0,0,0,0,
2009,415,R,3,11,4,3,2,1,0,
2009,415,SUM,3,11,4,3,2,1,0,
2009,442,R,1,11,11,0,0,0,0,
2009,442,SUM,1,11,11,0,0,0,0,
2009,447,R,4,7,2,4,4,0,0,
2009,447,SUM,4,7,2,4,4,0,0,
2009,451,R,2,11,6,2,2,0,0,
2009,451,SUM,2,11,6,2,2,0,0,
2009,460,R,7,59,10,7,3,4,0,
2009,460,SUM,7,59,10,7,3,4,0,
2009,514,R,4,17,4,2,1,1,0,
2009,514,SUM,4,17,4,2,1,1,0,
2009,517,R,8,53,7,6,5,1,0,
2009,517,SUM,8,53,7,6,5,1,0,
2009,518,R,5,28,4,5,4,1,0,
2009,518,SUM,5,28,4,5,4,1,0,
2009,518,SUM,5,25,6,5,4,1,0,
2009,518,SUM,5,25,6,5,4,1,0,
2009,518,SUM,5,28,4,5,4,1,0,
2009,519,R,2,4,2,2,2,0,0,
2009,519,R,2,4,2,0,0,0,0,
2009,519,R,0,0,0,2,2,0,0,
2009,519,R,0,0,0,0,0,0,0,
2009,519,SUM,2,4,2,0,0,0,0,
2009,519,SUM,0,0,0,2,2,0,0,
2009,519,SUM,0,0,0,0,0,0,0,
2009,519,SUM,2,4,2,2,2,0,0,
2009,Reg_1,N,1,5,5,1,1,0,0,
2009,Reg_1,R,31,153,5,27,15,10,0,
2009,Reg_1,SUM,32,158,5,28,16,10,0,
2009,Reg_2,R,14,142,10,9,6,2,0,
2009,Reg_2,SUM,14,142,10,9,6,2,0,
2009,Reg_3,N,13,41,3,12,8,4,0,
2009,Reg_3,R,156,1078,7,105,61,40,0,
2009,Reg_3,SUM,169,1119,7,117,69,44,0,
2009,Reg_4,R,17,99,6,16,11,5,0,
2009,Reg_4,SUM,17,99,6,16,11,5,0,
2009,Reg_5,R,17,98,5,13,10,3,0,
2009,Reg_5,SUM,17,98,5,13,10,3,0,
2009,State,N,15,49,3,14,10,4,0,
2009,State,R,235,1570,7,170,103,60,0,
2009,State,SUM,250,1619,7,184,113,64,0,
2010,100,R,6,52,10,6,3,4,0,
2010,100,SUM,6,52,10,6,3,4,0,
2010,101,N,1,6,6,1,1,0,0,
2010,101,R,1,0,0,1,0,1,0,
2010,101,SUM,2,6,6,2,1,1,0,
2010,131,R,2,14,7,2,2,0,0,
2010,131,SUM,2,14,7,2,2,0,0,
2010,132,R,2,9,5,1,0,1,0,
2010,132,SUM,2,9,5,1,0,1,0,
2010,133,R,2,1,1,2,2,0,0,
2010,133,SUM,2,1,1,2,2,0,0,
2010,134,R,1,1,1,1,0,1,0,
2010,134,SUM,1,1,1,1,0,1,0,
2010,140,R,2,16,8,2,1,1,0,
2010,140,SUM,2,16,8,2,1,1,0,
2010,141,R,2,1,1,2,2,0,0,
2010,141,SUM,2,1,1,2,2,0,0,
2010,142,R,1,2,2,1,1,0,0,
2010,142,SUM,1,2,2,1,1,0,0,
2010,150,R,2,2,1,2,2,0,0,
2010,150,SUM,2,2,1,2,2,0,0,
2010,151,R,1,3,3,1,1,0,0,
2010,151,SUM,1,3,3,1,1,0,0,
2010,240,N,1,0,0,1,0,1,0,
2010,240,R,10,74,8,6,5,1,0,
2010,240,SUM,11,74,8,7,5,2,0,
2010,250,R,2,25,13,1,0,0,0,
2010,250,SUM,2,25,13,1,0,0,0,
2010,312,R,7,93,19,4,3,1,0,
2010,312,SUM,7,93,19,4,3,1,0,
2010,313,N,5,12,3,5,3,1,0,
2010,313,R,60,285,5,44,25,19,0,
2010,313,SUM,65,297,5,49,28,20,0,
2010,314,N,1,7,7,1,1,0,0,
2010,314,R,13,71,6,13,11,2,0,
2010,314,SUM,14,78,6,14,12,2,0,
2010,316,N,1,3,3,1,1,0,0,
2010,316,R,11,56,6,8,7,1,0,
2010,316,SUM,12,59,5,9,8,1,0,
2010,320,R,3,23,8,2,1,1,0,
2010,320,SUM,3,23,8,2,1,1,0,
2010,323,N,2,8,4,2,1,1,0,
2010,323,R,24,99,5,20,14,6,0,
2010,323,SUM,26,107,5,22,15,7,0,
2010,324,R,4,14,4,3,1,2,0,
2010,324,SUM,4,14,4,3,1,2,0,
2010,325,R,4,15,4,2,2,0,0,
2010,325,SUM,4,15,4,2,2,0,0,
2010,326,R,6,14,3,5,4,1,0,
2010,326,SUM,6,14,3,5,4,1,0,
2010,327,N,1,2,2,1,1,0,0,
2010,327,R,3,6,2,3,1,1,0,
2010,327,SUM,4,8,2,4,2,1,0,
2010,328,R,2,18,9,2,1,1,0,
2010,328,SUM,2,18,9,2,1,1,0,
2010,329,N,2,10,5,1,0,1,0,
2010,329,R,20,125,6,12,10,1,0,
2010,329,SUM,22,135,6,13,10,2,0,
2010,330,R,6,45,8,2,1,1,0,
2010,330,SUM,6,45,8,2,1,1,0,
2010,331,R,3,15,5,2,1,1,0,
2010,331,SUM,3,15,5,2,1,1,0,
2010,362,N,0,0,0,0,0,0,0,
2010,362,R,5,13,3,5,2,3,0,
2010,362,SUM,5,13,3,5,2,3,0,
2010,393,R,5,24,6,5,4,1,0,
2010,393,SUM,5,24,6,5,4,1,0,
2010,414,R,1,0,0,1,1,0,0,
2010,414,SUM,1,0,0,1,1,0,0,
2010,415,R,3,11,4,3,2,1,0,
2010,415,SUM,3,11,4,3,2,1,0,
2010,442,R,1,7,7,0,0,0,0,
2010,442,SUM,1,7,7,0,0,0,0,
2010,447,R,4,4,1,4,3,1,0,
2010,447,SUM,4,4,1,4,3,1,0,
2010,451,R,2,0,0,2,1,1,0,
2010,451,SUM,2,0,0,2,1,1,0,
2010,460,R,4,1,1,4,4,0,0,
2010,460,SUM,4,1,1,4,4,0,0,
2010,514,R,3,12,6,3,2,1,0,
2010,514,SUM,3,12,6,3,2,1,0,
2010,517,R,8,30,6,6,4,2,0,
2010,517,SUM,8,30,6,6,4,2,0,
2010,518,R,3,9,3,3,2,1,0,
2010,518,SUM,3,9,3,3,2,1,0,
2010,519,R,1,6,6,1,0,1,0,
2010,519,SUM,1,6,6,1,0,1,0,
2010,Reg_1,N,1,6,6,1,1,0,0,
2010,Reg_1,R,22,101,6,21,14,8,0,
2010,Reg_1,SUM,23,107,6,22,15,8,0,
2010,Reg_2,N,1,0,0,1,0,1,0,
2010,Reg_2,R,12,99,10,7,5,1,0,
2010,Reg_2,SUM,13,99,9,8,5,2,0,
2010,Reg_3,N,12,42,4,11,7,3,0,
2010,Reg_3,R,175,916,6,132,88,41,0,
2010,Reg_3,SUM,187,958,6,143,95,44,0,
2010,Reg_4,R,15,23,3,14,11,3,0,
2010,Reg_4,SUM,15,23,3,14,11,3,0,
2010,Reg_5,R,15,57,5,13,8,5,0,
2010,Reg_5,SUM,15,57,5,13,8,5,0,
2010,State,N,15,53,4,13,8,4,0,
2010,State,R,239,1196,6,187,126,58,0,
2010,State,SUM,254,1249,6,200,134,62,0,
2011,100,R,6,63,11,5,5,0,0,
2011,100,SUM,6,63,11,5,5,0,0,
2011,101,R,2,19,10,1,1,0,0,
2011,101,SUM,2,19,10,1,1,0,0,
2011,131,N,1,8,8,0,0,0,0,
2011,131,R,1,7,7,0,0,0,0,
2011,131,SUM,2,15,8,0,0,0,0,
2011,132,R,2,14,7,1,1,0,0,
2011,132,SUM,2,14,7,1,1,0,0,
2011,133,R,2,18,9,2,2,0,0,
2011,133,SUM,2,18,9,2,2,0,0,
2011,134,R,1,1,1,0,0,0,0,
2011,134,SUM,1,1,1,0,0,0,0,
2011,140,R,2,14,7,1,1,0,0,
2011,140,SUM,2,14,7,1,1,0,0,
2011,141,R,1,20,20,1,0,0,0,
2011,141,SUM,1,20,20,1,0,0,0,
2011,142,R,1,1,1,1,0,1,0,
2011,142,SUM,1,1,1,1,0,1,0,
2011,150,R,2,10,5,1,0,1,0,
2011,150,SUM,2,10,5,1,0,1,0,
2011,151,R,1,4,4,0,0,0,0,
2011,151,SUM,1,4,4,0,0,0,0,
2011,240,N,1,11,11,1,1,0,0,
2011,240,R,7,115,16,2,2,0,0,
2011,240,SUM,8,126,16,3,3,0,0,
2011,250,R,2,9,5,2,1,0,0,
2011,250,SUM,2,9,5,2,1,0,0,
2011,312,R,8,52,7,4,1,2,0,
2011,312,SUM,8,52,7,4,1,2,0,
2011,313,N,6,19,3,4,3,1,0,
2011,313,R,63,314,5,47,30,16,0,
2011,313,SUM,69,333,5,51,33,17,0,
2011,314,N,1,5,5,1,1,0,0,
2011,314,R,13,84,7,9,8,1,0,
2011,314,SUM,14,89,6,10,9,1,0,
2011,316,N,1,3,3,1,1,0,0,
2011,316,R,11,58,5,4,4,0,0,
2011,316,SUM,12,61,5,5,5,0,0,
2011,320,R,3,21,7,1,0,1,0,
2011,320,SUM,3,21,7,1,0,1,0,
2011,323,N,2,3,2,2,1,1,0,
2011,323,R,23,85,4,16,8,6,1,
2011,323,SUM,25,88,4,18,9,7,1,
2011,324,N,1,2,2,1,1,0,0,
2011,324,R,5,10,2,4,3,1,0,
2011,324,SUM,6,12,2,5,4,1,0,
2011,325,R,3,19,6,2,2,0,0,
2011,325,SUM,3,19,6,2,2,0,0,
2011,326,N,1,6,6,1,1,0,0,
2011,326,R,5,15,3,3,2,1,0,
2011,326,SUM,6,21,4,4,3,1,0,
2011,327,R,4,45,11,3,2,1,0,
2011,327,SUM,4,45,11,3,2,1,0,
2011,328,R,2,13,7,2,2,0,0,
2011,328,SUM,2,13,7,2,2,0,0,
2011,329,N,2,4,2,2,2,0,0,
2011,329,R,22,96,4,17,11,6,0,
2011,329,SUM,24,100,4,19,13,6,0,
2011,330,R,6,26,4,5,5,0,0,
2011,330,SUM,6,26,4,5,5,0,0,
2011,331,R,2,6,6,2,2,0,0,
2011,331,SUM,2,6,6,2,2,0,0,
2011,362,R,6,25,4,4,1,3,0,
2011,362,SUM,6,25,4,4,1,3,0,
2011,393,N,0,0,0,0,0,0,0,
2011,393,R,4,22,6,4,3,1,0,
2011,393,SUM,4,22,6,4,3,1,0,
2011,414,R,1,11,11,0,0,0,0,
2011,414,SUM,1,11,11,0,0,0,0,
2011,415,R,3,22,7,3,1,2,0,
2011,415,SUM,3,22,7,3,1,2,0,
2011,442,R,1,1,1,1,0,1,0,
2011,442,SUM,1,1,1,1,0,1,0,
2011,447,R,2,3,2,2,1,1,0,
2011,447,SUM,2,3,2,2,1,1,0,
2011,451,R,1,10,10,1,1,0,0,
2011,451,SUM,1,10,10,1,1,0,0,
2011,460,R,6,33,6,5,5,0,0,
2011,460,SUM,6,33,6,5,5,0,0,
2011,514,R,2,7,4,1,0,1,0,
2011,514,SUM,2,7,4,1,0,1,0,
2011,517,R,4,25,6,1,0,1,0,
2011,517,SUM,4,25,6,1,0,1,0,
2011,518,R,3,30,10,2,0,2,0,
2011,518,SUM,3,30,10,2,0,2,0,
2011,519,R,1,10,10,1,1,0,0,
2011,519,SUM,1,10,10,1,1,0,0,
2011,Reg_1,N,1,8,8,0,0,0,0,
2011,Reg_1,R,21,171,8,13,10,2,0,
2011,Reg_1,SUM,22,179,8,13,10,2,0,
2011,Reg_2,N,1,11,11,1,1,0,0,
2011,Reg_2,R,9,124,14,4,3,0,0,
2011,Reg_2,SUM,10,135,14,5,4,0,0,
2011,Reg_3,N,14,42,3,12,10,2,0,
2011,Reg_3,R,180,890,5,126,83,39,1,
2011,Reg_3,SUM,194,932,5,139,94,41,1,
2011,Reg_4,R,14,80,6,12,8,4,0,
2011,Reg_4,SUM,14,80,6,12,8,4,0,
2011,Reg_5,R,10,72,7,5,1,4,0,
2011,Reg_5,SUM,10,72,7,5,1,4,0,
2011,State,N,17,67,4,13,11,2,0,
2011,State,R,235,1345,6,160,105,49,1,
2011,State,SUM,252,1412,6,174,117,51,1,
2012,100,R,6,44,9,5,5,0,0,
2012,100,SUM,6,44,9,5,5,0,0,
2012,101,R,2,4,2,0,0,0,0,
2012,101,SUM,2,4,2,0,0,0,0,
2012,131,R,2,9,5,1,1,0,0,
2012,131,SUM,2,9,5,1,1,0,0,
2012,132,R,2,16,8,2,1,1,0,
2012,132,SUM,2,16,8,2,1,1,0,
2012,133,R,2,6,3,1,1,0,0,
2012,133,SUM,2,6,3,1,1,0,0,
2012,134,N,1,5,5,1,0,1,0,
2012,134,SUM,1,5,5,1,0,1,0,
2012,140,R,2,19,10,2,1,1,0,
2012,140,SUM,2,19,10,2,1,1,0,
2012,141,R,2,7,4,2,0,2,0,
2012,141,SUM,2,7,4,2,0,2,0,
2012,142,R,0,0,0,0,0,0,0,
2012,142,SUM,0,0,0,0,0,0,0,
2012,150,R,2,8,4,2,1,1,0,
2012,150,SUM,2,8,4,2,1,1,0,
2012,151,R,1,11,11,1,1,0,0,
2012,151,SUM,1,11,11,1,1,0,0,
2012,240,R,2,15,8,1,1,0,0,
2012,240,SUM,2,15,8,1,1,0,0,
2012,312,R,7,55,8,2,1,1,0,
2012,312,SUM,7,55,8,2,1,1,0,
2012,313,N,8,27,3,7,6,1,0,
2012,313,R,68,272,4,57,38,19,0,
2012,313,SUM,76,299,4,64,44,20,0,
2012,314,N,3,27,9,3,2,1,0,
2012,314,R,26,231,9,20,12,8,0,
2012,314,SUM,29,258,9,23,14,9,0,
2012,316,N,1,4,4,1,0,1,0,
2012,316,R,10,30,3,4,0,4,0,
2012,316,SUM,11,34,3,5,0,5,0,
2012,320,N,1,3,3,1,1,0,0,
2012,320,R,2,23,12,2,1,1,0,
2012,320,SUM,3,26,9,3,2,1,0,
2012,323,N,3,10,3,2,1,1,0,
2012,323,R,34,157,5,26,22,4,0,
2012,323,SUM,37,167,5,28,23,5,0,
2012,324,R,6,40,8,6,6,0,0,
2012,324,SUM,6,40,8,6,6,0,0,
2012,325,R,4,15,4,4,4,0,0,
2012,325,SUM,4,15,4,4,4,0,0,
2012,326,R,5,11,2,3,1,2,0,
2012,326,SUM,5,11,2,3,1,2,0,
2012,327,R,4,9,2,4,4,0,0,
2012,327,SUM,4,9,2,4,4,0,0,
2012,328,N,1,4,4,1,1,0,0,
2012,328,R,1,40,40,0,0,0,0,
2012,328,SUM,2,44,22,1,1,0,0,
2012,329,N,1,1,1,1,0,1,0,
2012,329,R,21,114,5,17,12,5,0,
2012,329,SUM,22,115,5,18,12,6,0,
2012,330,R,5,34,7,4,3,1,0,
2012,330,SUM,5,34,7,4,3,1,0,
2012,331,N,1,3,3,1,1,0,0,
2012,331,R,2,5,3,2,2,0,0,
2012,331,SUM,3,8,3,3,3,0,0,
2012,362,N,1,8,8,1,0,1,0,
2012,362,R,5,24,5,3,1,2,0,
2012,362,SUM,6,32,5,4,1,3,0,
2012,393,N,0,0,0,0,0,0,0,
2012,393,R,4,34,9,3,2,1,0,
2012,393,SUM,4,34,9,3,2,1,0,
2012,414,R,1,3,3,1,1,0,0,
2012,414,SUM,1,3,3,1,1,0,0,
2012,415,R,3,11,4,3,1,2,0,
2012,415,SUM,3,11,4,3,1,2,0,
2012,442,R,1,7,7,0,0,0,0,
2012,442,SUM,1,7,7,0,0,0,0,
2012,447,N,1,5,5,1,1,0,0,
2012,447,R,1,0,0,1,1,0,0,
2012,447,SUM,2,5,5,2,2,0,0,
2012,453,R,2,5,3,1,0,1,0,
2012,453,SUM,2,5,3,1,0,1,0,
2012,460,R,6,12,2,6,5,1,0,
2012,460,SUM,6,12,2,6,5,1,0,
2012,514,R,2,15,8,1,1,0,0,
2012,514,SUM,2,15,8,1,1,0,0,
2012,517,R,2,14,7,2,2,0,0,
2012,517,SUM,2,14,7,2,2,0,0,
2012,518,R,3,19,6,3,1,2,0,
2012,518,SUM,3,19,6,3,1,2,0,
2012,519,R,1,1,1,1,0,1,0,
2012,519,SUM,1,1,1,1,0,1,0,
2012,Reg_1,N,1,5,5,1,0,1,0,
2012,Reg_1,R,21,124,6,16,11,5,0,
2012,Reg_1,SUM,22,129,6,17,11,6,0,
2012,Reg_2,R,2,15,8,1,1,0,0,
2012,Reg_2,SUM,2,15,8,1,1,0,0,
2012,Reg_3,N,20,87,4,18,12,6,0,
2012,Reg_3,R,204,1094,6,157,109,48,0,
2012,Reg_3,SUM,224,1181,5,175,121,54,0,
2012,Reg_4,N,1,5,5,1,1,0,0,
2012,Reg_4,R,14,38,3,12,8,4,0,
2012,Reg_4,SUM,15,43,3,13,9,4,0,
2012,Reg_5,R,8,49,6,7,4,3,0,
2012,Reg_5,SUM,8,49,6,7,4,3,0,
2012,State,N,22,97,4,20,13,7,0,
2012,State,R,251,1328,6,193,133,60,0,
2012,State,SUM,273,1425,5,213,146,67,0,
2013,100,R,6,52,9,6,1,0,0,
2013,100,SUM,6,52,9,6,1,0,0,
2013,101,R,2,22,11,1,1,0,0,
2013,101,SUM,2,22,11,1,1,0,0,
2013,131,R,1,8,8,0,0,0,0,
2013,131,SUM,1,8,8,0,0,0,0,
2013,132,R,1,3,3,1,0,0,0,
2013,132,SUM,1,3,3,1,0,0,0,
2013,133,R,1,1,1,1,0,0,0,
2013,133,SUM,1,1,1,1,0,0,0,
2013,134,R,1,7,7,0,0,0,0,
2013,134,SUM,1,7,7,0,0,0,0,
2013,140,N,1,1,1,1,0,0,0,
2013,140,R,1,3,3,0,0,0,0,
2013,140,SUM,2,4,2,1,0,0,0,
2013,141,N,1,10,10,1,0,0,0,
2013,141,R,1,5,5,0,0,0,0,
2013,141,SUM,2,15,8,1,0,0,0,
2013,142,R,1,16,16,0,0,0,0,
2013,142,SUM,1,16,16,0,0,0,0,
2013,150,R,2,10,5,2,0,0,0,
2013,150,SUM,2,10,5,2,0,0,0,
2013,151,R,1,2,2,1,0,0,0,
2013,151,SUM,1,2,2,1,0,0,0,
2013,240,R,2,40,20,0,0,0,0,
2013,240,SUM,2,40,20,0,0,0,0,
2013,312,R,7,52,8,7,1,1,0,
2013,312,SUM,7,52,8,7,1,1,0,
2013,313,N,6,36,6,6,1,0,0,
2013,313,R,74,430,6,56,10,1,0,
2013,313,SUM,80,466,6,62,11,1,0,
2013,314,N,3,10,3,3,0,0,0,
2013,314,R,27,143,5,21,5,4,0,
2013,314,SUM,30,153,5,24,5,4,0,
2013,316,N,1,3,3,1,0,0,0,
2013,316,R,10,51,5,8,3,1,0,
2013,316,SUM,11,54,5,9,3,1,0,
2013,320,R,3,11,4,3,0,0,0,
2013,320,SUM,3,11,4,3,0,0,0,
2013,323,N,3,7,2,1,0,0,0,
2013,323,R,34,155,5,26,3,0,0,
2013,323,SUM,37,162,4,27,3,0,0,
2013,324,N,1,1,1,1,0,0,0,
2013,324,R,4,19,5,4,3,0,0,
2013,324,SUM,5,20,4,5,3,0,0,
2013,325,N,1,4,4,1,0,0,0,
2013,325,R,3,56,19,3,2,0,0,
2013,325,SUM,4,60,15,4,2,0,0,
2013,326,N,0,0,0,0,0,0,0,
2013,326,R,5,46,10,3,0,0,0,
2013,326,SUM,5,46,10,3,0,0,0,
2013,327,N,1,4,4,1,0,0,0,
2013,327,R,3,22,7,1,0,0,0,
2013,327,SUM,4,26,7,2,0,0,0,
2013,328,N,1,10,10,1,0,1,0,
2013,328,R,1,4,4,1,0,0,0,
2013,328,SUM,2,14,7,2,0,1,0,
2013,329,N,2,12,6,1,0,0,0,
2013,329,R,21,149,8,14,2,0,0,
2013,329,SUM,23,161,7,15,2,0,0,
2013,330,N,1,24,24,0,0,0,0,
2013,330,R,5,41,8,3,0,0,0,
2013,330,SUM,6,65,11,3,0,0,0,
2013,331,R,3,23,11,3,0,1,0,
2013,331,SUM,3,23,11,3,0,1,0,
2013,362,R,6,40,7,5,4,0,0,
2013,362,SUM,6,40,7,5,4,0,0,
2013,393,R,5,29,6,3,0,0,0,
2013,393,SUM,5,29,6,3,0,0,0,
2013,414,R,0,0,0,0,0,0,0,
2013,414,SUM,0,0,0,0,0,0,0,
2013,415,R,3,27,9,1,1,0,0,
2013,415,SUM,3,27,9,1,1,0,0,
2013,442,R,1,8,8,1,0,0,0,
2013,442,SUM,1,8,8,1,0,0,0,
2013,447,R,2,2,1,2,0,0,0,
2013,447,SUM,2,2,1,2,0,0,0,
2013,453,N,1,6,6,1,0,0,0,
2013,453,R,0,0,0,0,0,0,0,
2013,453,SUM,1,6,6,1,0,0,0,
2013,460,R,6,20,3,6,3,0,0,
2013,460,SUM,6,20,3,6,3,0,0,
2013,514,R,2,16,8,2,0,2,0,
2013,514,SUM,2,16,8,2,0,2,0,
2013,517,R,3,45,18,3,2,0,0,
2013,517,SUM,3,45,18,3,2,0,0,
2013,518,N,1,1,1,1,0,0,0,
2013,518,R,2,10,5,2,0,0,0,
2013,518,SUM,3,11,4,3,0,0,0,
2013,519,R,1,12,12,0,0,0,0,
2013,519,SUM,1,12,12,0,0,0,0,
2013,Reg_1,N,2,11,6,2,0,0,0,
2013,Reg_1,R,18,129,7,12,2,0,0,
2013,Reg_1,SUM,20,140,7,14,2,0,0,
2013,Reg_2,R,2,40,20,0,0,0,0,
2013,Reg_2,SUM,2,40,20,0,0,0,0,
2013,Reg_3,N,20,111,6,16,1,1,0,
2013,Reg_3,R,210,1270,6,160,32,9,0,
2013,Reg_3,SUM,230,1381,6,176,33,10,0,
2013,Reg_4,N,1,6,6,1,0,0,0,
2013,Reg_4,R,12,57,5,10,4,0,0,
2013,Reg_4,SUM,13,63,5,11,4,0,0,
2013,Reg_5,N,1,1,1,1,0,0,0,
2013,Reg_5,R,8,83,11,7,2,2,0,
2013,Reg_5,SUM,9,84,10,8,2,2,0,
2013,State,N,25,131,5,20,1,1,0,
2013,State,R,251,1579,6,188,40,11,0,
2013,State,SUM,276,1710,6,208,41,12,0,
2014,100,R,6,39,7,6,4,2,0,
2014,100,SUM,6,39,7,6,4,2,0,
2014,101,R,2,22,11,1,1,0,0,
2014,101,SUM,2,22,11,1,1,0,0,
2014,131,R,2,21,11,1,0,1,0,
2014,131,SUM,2,21,11,1,0,1,0,
2014,132,R,0,0,0,0,0,0,0,
2014,132,SUM,0,0,0,0,0,0,0,
2014,133,R,1,3,3,1,1,0,0,
2014,133,SUM,1,3,3,1,1,0,0,
2014,134,R,1,4,4,1,0,1,0,
2014,134,SUM,1,4,4,1,0,1,0,
2014,140,R,2,42,21,0,0,0,0,
2014,140,SUM,2,42,21,0,0,0,0,
2014,141,R,2,3,2,2,2,0,0,
2014,141,SUM,2,3,2,2,2,0,0,
2014,142,R,1,3,3,1,1,0,0,
2014,142,SUM,1,3,3,1,1,0,0,
2014,150,R,2,8,4,2,1,1,0,
2014,150,SUM,2,8,4,2,1,1,0,
2014,151,R,0,0,0,0,0,0,0,
2014,151,SUM,0,0,0,0,0,0,0,
2014,240,R,2,5,3,2,2,0,0,
2014,240,SUM,2,5,3,2,2,0,0,
2014,312,N,1,2,2,1,1,0,0,
2014,312,R,7,64,9,6,2,4,0,
2014,312,SUM,8,66,8,7,3,4,0,
2014,313,N,8,24,3,6,4,2,0,
2014,313,R,74,511,7,58,36,23,0,
2014,313,SUM,82,535,7,64,40,25,0,
2014,314,N,3,8,3,3,3,0,0,
2014,314,R,27,177,7,21,14,7,0,
2014,314,SUM,30,185,6,24,17,7,0,
2014,316,N,1,1,1,1,1,0,0,
2014,316,R,11,47,4,8,5,3,0,
2014,316,SUM,12,48,4,9,6,3,0,
2014,320,N,1,2,2,1,0,1,0,
2014,320,R,2,6,3,2,0,2,0,
2014,320,SUM,3,8,3,3,0,3,0,
2014,323,N,3,13,4,1,0,1,0,
2014,323,R,34,206,6,27,16,11,0,
2014,323,SUM,37,219,6,28,16,12,0,
2014,324,N,1,4,4,1,1,0,0,
2014,324,R,4,6,2,4,3,1,0,
2014,324,SUM,5,10,2,5,4,1,0,
2014,325,N,1,2,2,1,1,0,0,
2014,325,R,3,15,5,2,2,0,0,
2014,325,SUM,4,17,4,3,3,0,0,
2014,326,R,6,13,2,6,5,1,0,
2014,326,SUM,6,13,2,6,5,1,0,
2014,327,R,4,17,4,3,3,0,0,
2014,327,SUM,4,17,4,3,3,0,0,
2014,328,R,1,30,30,0,0,0,0,
2014,328,SUM,1,30,30,0,0,0,0,
2014,329,N,1,5,5,1,0,1,0,
2014,329,R,13,49,4,10,7,3,0,
2014,329,SUM,14,54,4,11,7,4,0,
2014,330,R,5,64,13,1,0,1,0,
2014,330,SUM,5,64,13,1,0,1,0,
2014,331,R,3,10,3,3,3,0,0,
2014,331,SUM,3,10,3,3,3,0,0,
2014,361,N,1,1,1,1,1,0,0,
2014,361,R,1,2,2,1,1,0,0,
2014,361,SUM,2,3,2,2,2,0,0,
2014,362,N,1,5,5,1,1,0,0,
2014,362,R,5,34,7,5,1,4,0,
2014,362,SUM,6,39,7,6,2,4,0,
2014,393,N,1,1,1,1,1,0,0,
2014,393,R,4,11,3,3,2,1,0,
2014,393,SUM,5,12,2,4,3,1,0,
2014,414,R,1,4,4,0,0,0,0,
2014,414,SUM,1,4,4,0,0,0,0,
2014,415,R,3,34,11,3,2,1,0,
2014,415,SUM,3,34,11,3,2,1,0,
2014,442,R,1,13,13,0,0,0,0,
2014,442,SUM,1,13,13,0,0,0,0,
2014,447,R,2,6,3,2,1,1,0,
2014,447,SUM,2,6,3,2,1,1,0,
2014,453,R,2,4,2,1,1,0,0,
2014,453,SUM,2,4,2,1,1,0,0,
2014,460,R,4,31,8,4,2,2,0,
2014,460,SUM,4,31,8,4,2,2,0,
2014,514,R,2,41,21,0,0,0,0,
2014,514,SUM,2,41,21,0,0,0,0,
2014,517,R,4,46,12,3,1,2,0,
2014,517,SUM,4,46,12,3,1,2,0,
2014,518,R,3,5,2,3,3,0,0,
2014,518,SUM,3,5,2,3,3,0,0,
2014,519,N,0,0,0,0,0,0,0,
2014,519,SUM,0,0,0,0,0,0,0,
2014,Reg_1,R,19,145,8,15,10,5,0,
2014,Reg_1,SUM,19,145,8,15,10,5,0,
2014,Reg_2,R,2,5,3,2,2,0,0,
2014,Reg_2,SUM,2,5,3,2,2,0,0,
2014,Reg_3,N,23,68,3,19,14,5,0,
2014,Reg_3,R,203,1262,6,161,100,61,0,
2014,Reg_3,SUM,226,1330,6,180,114,66,0,
2014,Reg_4,R,13,92,7,10,6,4,0,
2014,Reg_4,SUM,13,92,7,10,6,4,0,
2014,Reg_5,R,9,92,10,6,4,2,0,
2014,Reg_5,SUM,9,92,10,6,4,2,0,
2014,State,N,23,68,3,19,14,5,0,
2014,State,R,247,1597,7,194,122,72,0,
2014,State,SUM,270,1665,6,213,136,77,0,
2015,100,N,1,6,6,1,1,0,0,
2015,100,R,5,41,8,4,4,0,0,
2015,100,SUM,6,47,8,5,5,0,0,
2015,101,R,2,5,3,2,2,0,0,
2015,101,SUM,2,5,3,2,2,0,0,
2015,131,R,1,18,18,0,0,0,0,
2015,131,SUM,1,18,18,0,0,0,0,
2015,132,R,2,13,7,2,1,1,0,
2015,132,SUM,2,13,7,2,1,1,0,
2015,133,R,1,6,6,1,1,0,0,
2015,133,SUM,1,6,6,1,1,0,0,
2015,134,R,1,1,1,1,1,0,0,
2015,134,SUM,1,1,1,1,1,0,0,
2015,140,R,1,5,5,1,1,0,0,
2015,140,SUM,1,5,5,1,1,0,0,
2015,141,R,2,10,5,2,2,0,0,
2015,141,SUM,2,10,5,2,2,0,0,
2015,142,R,1,7,7,1,1,0,0,
2015,142,SUM,1,7,7,1,1,0,0,
2015,150,R,1,2,2,1,1,0,0,
2015,150,SUM,1,2,2,1,1,0,0,
2015,151,N,1,5,5,1,0,1,0,
2015,151,SUM,1,5,5,1,0,1,0,
2015,240,R,1,11,11,1,1,0,0,
2015,240,SUM,1,11,11,1,1,0,0,
2015,312,R,6,10,2,3,2,1,0,
2015,312,SUM,6,10,2,3,2,1,0,
2015,313,N,4,17,4,3,1,2,0,
2015,313,R,43,161,4,39,21,19,0,
2015,313,SUM,47,178,4,42,22,21,0,
2015,314,N,2,8,4,2,2,0,0,
2015,314,R,27,150,6,26,18,8,0,
2015,314,SUM,29,158,5,28,20,8,0,
2015,316,N,1,4,4,0,0,0,0,
2015,316,R,10,45,5,6,4,2,0,
2015,316,SUM,11,49,5,6,4,2,0,
2015,320,R,3,15,5,3,3,0,0,
2015,320,SUM,3,15,5,3,3,0,0,
2015,323,N,2,4,2,2,1,1,0,
2015,323,R,33,166,5,26,21,5,0,
2015,323,SUM,35,170,5,28,22,6,0,
2015,324,R,6,27,5,6,4,2,0,
2015,324,SUM,6,27,5,6,4,2,0,
2015,325,R,4,12,3,2,2,0,0,
2015,325,SUM,4,12,3,2,2,0,0,
2015,326,R,2,6,3,2,1,1,0,
2015,326,SUM,2,6,3,2,1,1,0,
2015,327,R,3,15,5,3,3,0,0,
2015,327,SUM,3,15,5,3,3,0,0,
2015,328,N,1,0,0,1,0,1,0,
2015,328,R,1,20,20,0,0,0,0,
2015,328,SUM,2,20,10,1,0,1,0,
2015,329,N,1,1,1,0,0,0,0,
2015,329,R,13,64,5,9,6,3,0,
2015,329,SUM,14,65,5,9,6,3,0,
2015,330,N,0,0,0,0,0,0,0,
2015,330,R,2,11,6,1,0,1,0,
2015,330,SUM,2,11,6,1,0,1,0,
2015,331,N,1,1,1,1,1,0,0,
2015,331,R,2,9,5,2,2,0,0,
2015,331,SUM,3,10,3,3,3,0,0,
2015,361,N,1,2,2,1,1,0,0,
2015,361,R,1,17,17,1,1,0,0,
2015,361,SUM,2,19,10,2,2,0,0,
2015,362,R,5,33,7,3,2,1,0,
2015,362,SUM,5,33,7,3,2,1,0,
2015,393,R,4,12,3,4,4,0,0,
2015,393,SUM,4,12,3,4,4,0,0,
2015,414,N,1,4,4,1,1,0,0,
2015,414,SUM,1,4,4,1,1,0,0,
2015,415,R,3,15,5,2,0,2,0,
2015,415,SUM,3,15,5,2,0,2,0,
2015,442,R,0,0,0,0,0,0,0,
2015,442,SUM,0,0,0,0,0,0,0,
2015,447,R,1,1,1,1,1,0,0,
2015,447,SUM,1,1,1,1,1,0,0,
2015,453,R,2,16,8,1,1,0,0,
2015,453,SUM,2,16,8,1,1,0,0,
2015,460,R,4,25,6,4,1,3,0,
2015,460,SUM,4,25,6,4,1,3,0,
2015,514,R,2,13,7,1,0,1,0,
2015,514,SUM,2,13,7,1,0,1,0,
2015,517,R,4,35,9,3,2,1,0,
2015,517,SUM,4,35,9,3,2,1,0,
2015,518,R,3,14,5,2,0,2,0,
2015,518,SUM,3,14,5,2,0,2,0,
2015,519,R,0,0,0,0,0,0,0,
2015,519,SUM,0,0,0,0,0,0,0,
2015,State,N,17,54,3,13,8,5,0,
2015,State,R,201,1011,5,166,113,53,0,
2015,State,SUM,218,1065,5,179,121,58,0,
2016,100,R,6,27,5,6,2,4,0,
2016,100,SUM,6,27,5,6,2,4,0,
2016,101,N,1,7,7,1,1,0,0,
2016,101,R,1,2,2,0,0,0,0,
2016,101,SUM,2,9,5,1,1,0,0,
2016,131,R,2,24,12,2,0,2,0,
2016,131,SUM,2,24,12,2,0,2,0,
2016,132,R,2,7,4,2,2,0,0,
2016,132,SUM,2,7,4,2,2,0,0,
2016,133,R,2,23,12,1,1,0,0,
2016,133,SUM,2,23,12,1,1,0,0,
2016,134,R,1,0,0,1,0,1,0,
2016,134,SUM,1,0,0,1,0,1,0,
2016,140,R,2,26,13,2,2,0,0,
2016,140,SUM,2,26,13,2,2,0,0,
2016,141,R,1,19,19,0,0,0,0,
2016,141,SUM,1,19,19,0,0,0,0,
2016,142,R,1,25,25,0,0,0,0,
2016,142,SUM,1,25,25,0,0,0,0,
2016,150,R,1,1,1,1,1,0,0,
2016,150,SUM,1,1,1,1,1,0,0,
2016,151,R,1,10,10,1,1,0,0,
2016,151,SUM,1,10,10,1,1,0,0,
2016,240,R,1,15,15,1,1,0,0,
2016,240,SUM,1,15,15,1,1,0,0,
2016,312,R,8,76,11,6,5,1,0,
2016,312,SUM,8,76,11,6,5,1,0,
2016,313,N,3,4,1,3,0,3,0,
2016,313,R,47,200,4,36,17,20,0,
2016,313,SUM,50,204,4,39,17,23,0,
2016,314,N,2,21,11,2,2,0,0,
2016,314,R,18,107,6,16,10,6,0,
2016,314,SUM,20,128,6,18,12,6,0,
2016,316,N,0,0,0,0,0,0,0,
2016,316,R,11,90,9,6,4,2,0,
2016,316,SUM,11,90,9,6,4,2,0,
2016,320,N,1,4,4,1,1,0,0,
2016,320,R,2,12,6,2,1,1,0,
2016,320,SUM,3,16,5,3,2,1,0,
2016,323,N,3,8,3,2,1,1,0,
2016,323,R,32,132,4,27,13,14,0,
2016,323,SUM,35,140,4,29,14,15,0,
2016,324,N,1,3,3,1,0,1,0,
2016,324,R,5,14,3,5,4,1,0,
2016,324,SUM,6,17,3,6,4,2,0,
2016,325,R,3,12,4,3,2,1,0,
2016,325,SUM,3,12,4,3,2,1,0,
2016,326,R,2,11,6,2,1,1,0,
2016,326,SUM,2,11,6,2,1,1,0,
2016,327,R,4,27,7,4,3,2,0,
2016,327,SUM,4,27,7,4,3,2,0,
2016,328,R,2,18,9,1,1,0,0,
2016,328,SUM,2,18,9,1,1,0,0,
2016,329,N,1,1,1,1,1,0,0,
2016,329,R,14,56,4,11,9,2,0,
2016,329,SUM,15,57,4,12,10,2,0,
2016,330,R,3,16,5,1,1,0,0,
2016,330,SUM,3,16,5,1,1,0,0,
2016,331,R,3,28,9,3,1,2,0,
2016,331,SUM,3,28,9,3,1,2,0,
2016,361,R,1,1,1,1,1,0,0,
2016,361,SUM,1,1,1,1,1,0,0,
2016,362,R,6,36,6,3,3,0,0,
2016,362,SUM,6,36,6,3,3,0,0,
2016,393,N,1,3,3,1,1,0,0,
2016,393,R,4,24,6,3,1,2,0,
2016,393,SUM,5,27,5,4,2,2,0,
2016,415,N,1,4,4,1,1,0,0,
2016,415,R,2,9,5,1,0,1,0,
2016,415,SUM,3,13,4,2,1,1,0,
2016,442,R,1,2,2,1,1,0,0,
2016,442,SUM,1,2,2,1,1,0,0,
2016,447,R,2,7,4,1,1,0,0,
2016,447,SUM,2,7,4,1,1,0,0,
2016,453,R,1,0,0,1,1,0,0,
2016,453,SUM,1,0,0,1,1,0,0,
2016,460,R,1,5,5,1,1,0,0,
2016,460,SUM,1,5,5,1,1,0,0,
2016,514,R,1,9,9,1,0,1,0,
2016,514,SUM,1,9,9,1,0,1,0,
2016,517,R,3,10,3,3,2,1,0,
2016,517,SUM,3,10,3,3,2,1,0,
2016,518,R,2,7,4,2,1,1,0,
2016,518,SUM,2,7,4,2,1,1,0,
2016,519,R,1,1,1,1,1,0,0,
2016,519,SUM,1,1,1,1,1,0,0,
2016,State,N,15,57,4,13,8,5,0,
2016,State,R,201,1104,6,159,94,65,0,
2016,State,SUM,216,1161,6,172,102,70,0,
2017,100,R,2,10,5,2,2,0,0,
2017,100,SUM,2,10,5,2,2,0,0,
2017,101,R,1,12,12,1,1,0,0,
2017,101,SUM,1,12,12,1,1,0,0,
2017,131,R,1,4,4,1,0,1,0,
2017,131,SUM,1,4,4,1,0,1,0,
2017,132,N,0,0,0,0,0,0,0,
2017,132,SUM,0,0,0,0,0,0,0,
2017,133,R,1,7,7,0,0,0,0,
2017,133,SUM,1,7,7,0,0,0,0,
2017,134,R,1,4,4,1,0,1,0,
2017,134,SUM,1,4,4,1,0,1,0,
2017,140,R,1,12,12,0,0,0,0,
2017,140,SUM,1,12,12,0,0,0,0,
2017,141,R,1,5,5,1,1,0,0,
2017,141,SUM,1,5,5,1,1,0,0,
2017,142,R,1,15,15,0,0,0,0,
2017,142,SUM,1,15,15,0,0,0,0,
2017,150,R,1,4,4,1,1,0,0,
2017,150,SUM,1,4,4,1,1,0,0,
2017,151,R,0,0,0,0,0,0,0,
2017,151,SUM,0,0,0,0,0,0,0,
2017,240,R,1,0,0,1,1,0,0,
2017,240,SUM,1,0,0,1,1,0,0,
2017,312,R,7,43,6,4,0,4,0,
2017,312,SUM,7,43,6,4,0,4,0,
2017,313,N,4,24,6,4,3,1,0,
2017,313,R,46,241,5,29,11,17,0,
2017,313,SUM,50,265,6,33,14,18,0,
2017,314,N,2,14,7,2,1,1,0,
2017,314,R,18,156,9,15,6,9,0,
2017,314,SUM,20,170,9,17,7,10,0,
2017,316,N,0,0,0,0,0,0,0,
2017,316,R,10,61,6,7,6,1,0,
2017,316,SUM,10,61,6,7,6,1,0,
2017,320,R,2,6,3,2,2,0,0,
2017,320,SUM,2,6,3,2,2,0,0,
2017,323,N,3,11,4,2,1,1,0,
2017,323,R,33,164,5,25,17,7,0,
2017,323,SUM,36,175,5,27,18,8,0,
2017,324,R,6,10,2,3,3,0,0,
2017,324,SUM,6,10,2,3,3,0,0,
2017,325,R,4,15,4,2,2,0,0,
2017,325,SUM,4,15,4,2,2,0,0,
2017,326,R,1,2,2,1,1,0,0,
2017,326,SUM,1,2,2,1,1,0,0,
2017,327,R,3,22,7,3,2,1,0,
2017,327,SUM,3,22,7,3,2,1,0,
2017,328,R,2,8,4,2,0,2,0,
2017,328,SUM,2,8,4,2,0,2,0,
2017,329,N,1,4,4,1,1,0,0,
2017,329,R,14,84,6,8,3,4,0,
2017,329,SUM,15,88,6,9,4,4,0,
2017,330,N,1,5,5,0,0,0,0,
2017,330,R,1,6,6,1,0,1,0,
2017,330,SUM,2,11,6,1,0,1,0,
2017,331,R,3,22,7,3,1,2,0,
2017,331,SUM,3,22,7,3,1,2,0,
2017,361,N,1,1,1,1,1,0,0,
2017,361,R,1,5,5,1,0,1,0,
2017,361,SUM,2,6,3,2,1,1,0,
2017,362,N,1,4,4,1,1,0,0,
2017,362,R,4,16,4,4,2,2,0,
2017,362,SUM,5,20,4,5,3,2,0,
2017,393,R,5,30,8,4,2,2,0,
2017,393,SUM,5,30,8,4,2,2,0,
2017,414,R,1,20,20,0,0,0,0,
2017,414,SUM,1,20,20,0,0,0,0,
2017,415,R,1,15,15,1,1,0,0,
2017,415,SUM,1,15,15,1,1,0,0,
2017,442,R,0,0,0,0,0,0,0,
2017,442,SUM,0,0,0,0,0,0,0,
2017,447,R,1,8,8,1,1,0,0,
2017,447,SUM,1,8,8,1,1,0,0,
2017,453,R,2,24,12,0,0,0,0,
2017,453,SUM,2,24,12,0,0,0,0,
2017,460,R,1,35,35,1,1,0,0,
2017,460,SUM,1,35,35,1,1,0,0,
2017,514,R,2,4,2,1,0,1,0,
2017,514,SUM,2,4,2,1,0,1,0,
2017,517,R,2,16,8,2,1,1,0,
2017,517,SUM,2,16,8,2,1,1,0,
2017,518,N,1,2,2,1,1,0,0,
2017,518,R,1,12,12,1,1,0,0,
2017,518,SUM,2,14,7,2,2,0,0,
2017,519,R,1,11,11,1,1,0,0,
2017,519,SUM,1,11,11,1,1,0,0,
2017,State,N,15,69,5,12,9,3,0,
2017,State,R,184,1116,6,130,71,58,0,
2017,State,SUM,199,1185,6,142,80,61,0,
2018,100,R,2,9,5,2,1,1,0,
2018,100,SUM,2,9,5,2,1,1,0,
2018,101,R,1,1,1,1,1,0,0,
2018,101,SUM,1,1,1,1,1,0,0,
2018,133,R,1,2,2,0,0,0,0,
2018,133,SUM,1,2,2,0,0,0,0,
2018,142,R,1,1,1,1,0,1,0,
2018,142,SUM,1,1,1,1,0,1,0,
2018,150,R,1,1,1,1,0,1,0,
2018,150,SUM,1,1,1,1,0,1,0,
2018,240,R,1,8,8,1,0,1,0,
2018,240,SUM,1,8,8,1,0,1,0,
2018,312,N,1,2,2,1,0,1,0,
2018,312,R,7,113,16,4,3,1,0,
2018,312,SUM,8,115,14,5,3,2,0,
2018,313,N,2,17,9,1,1,0,0,
2018,313,R,17,88,5,9,7,2,0,
2018,313,SUM,19,105,6,10,8,2,0,
2018,314,N,3,8,3,3,2,1,0,
2018,314,R,27,196,7,21,14,7,0,
2018,314,SUM,30,204,7,24,16,8,0,
2018,316,N,1,1,1,1,1,0,0,
2018,316,R,11,40,4,9,4,5,0,
2018,316,SUM,12,41,4,10,5,5,0,
2018,320,N,1,3,3,1,0,1,0,
2018,320,R,2,18,9,1,1,0,0,
2018,320,SUM,3,21,7,2,1,1,0,
2018,323,N,3,11,4,3,1,2,0,
2018,323,R,34,198,6,25,13,12,0,
2018,323,SUM,37,209,6,28,14,14,0,
2018,324,N,1,6,6,1,1,0,0,
2018,324,R,5,7,2,5,5,0,0,
2018,324,SUM,6,13,3,6,6,0,0,
2018,325,R,4,23,8,4,4,0,0,
2018,325,SUM,4,23,8,4,4,0,0,
2018,326,N,0,0,0,0,0,0,0,
2018,326,R,1,5,5,1,1,0,0,
2018,326,SUM,1,5,5,1,1,0,0,
2018,327,R,2,77,39,0,0,0,0,
2018,327,SUM,2,77,39,0,0,0,0,
2018,328,R,1,5,5,1,0,1,0,
2018,328,SUM,1,5,5,1,0,1,0,
2018,329,N,1,3,3,1,0,1,0,
2018,329,R,13,54,4,8,5,3,0,
2018,329,SUM,14,57,4,9,5,4,0,
2018,330,R,1,2,2,1,1,0,0,
2018,330,SUM,1,2,2,1,1,0,0,
2018,331,R,2,9,5,2,1,1,0,
2018,331,SUM,2,9,5,2,1,1,0,
2018,350,R,1,5,5,1,1,0,0,
2018,350,SUM,1,5,5,1,1,0,0,
2018,361,R,2,11,6,2,2,0,0,
2018,361,SUM,2,11,6,2,2,0,0,
2018,362,R,6,6,1,6,3,3,0,
2018,362,SUM,6,6,1,6,3,3,0,
2018,393,N,1,1,1,1,1,0,0,
2018,393,R,3,12,4,3,2,1,0,
2018,393,SUM,4,13,3,4,3,1,0,
2018,415,R,1,6,6,0,0,0,0,
2018,415,SUM,1,6,6,0,0,0,0,
2018,447,R,1,3,3,1,1,0,0,
2018,447,SUM,1,3,3,1,1,0,0,
2018,453,R,2,19,10,0,0,0,0,
2018,453,SUM,2,19,10,0,0,0,0,
2018,460,R,1,2,2,0,0,0,0,
2018,460,SUM,1,2,2,0,0,0,0,
2018,514,R,1,4,4,1,1,0,0,
2018,514,SUM,1,4,4,1,1,0,0,
2018,517,R,4,25,6,3,1,2,0,
2018,517,SUM,4,25,6,3,1,2,0,
2018,518,R,3,14,5,3,3,0,0,
2018,518,SUM,3,14,5,3,3,0,0,
2018,519,N,1,10,10,0,0,0,0,
2018,519,SUM,1,10,10,0,0,0,0,
2018,Reg_1,R,6,14,2,5,2,3,0,
2018,Reg_1,SUM,6,14,2,5,2,3,0,
2018,Reg_2,R,1,8,8,1,0,1,0,
2018,Reg_2,SUM,1,8,8,1,0,1,0,
2018,Reg_3,N,14,52,4,13,7,6,0,
2018,Reg_3,R,138,869,6,104,67,36,0,
2018,Reg_3,SUM,152,921,6,117,74,42,0,
2018,Reg_4,R,5,30,6,1,1,0,0,
2018,Reg_4,SUM,5,30,6,1,1,0,0,
2018,Reg_5,N,1,10,10,0,0,0,0,
2018,Reg_5,R,8,43,5,7,5,2,0,
2018,Reg_5,SUM,9,53,6,7,5,2,0,
2018,State,N,16,65,4,13,7,6,0,
2018,State,R,159,974,6,118,75,42,0,
2018,State,SUM,175,1039,6,131,82,48,0,