License Year, Hunting District,Residency,Hunters,Days,Days per Hunter,Total Harvest,Bulls,Cows,Calves
2005,100,N,1,5,5,0,0,0,0,
2005,100,R,13,173,13,13,12,1,0,
2005,100,SUM,14,178,13,13,12,1,0,
2005,101,N,1,14,14,1,1,0,0,
2005,101,R,14,138,10,12,10,2,0,
2005,101,SUM,15,152,10,13,11,2,0,
2005,102,N,0,0,0,0,0,0,0,
2005,102,R,11,85,8,10,9,1,0,
2005,102,SUM,11,85,8,10,9,1,0,
2005,103,R,5,48,10,5,3,2,0,
2005,103,SUM,5,48,10,5,3,2,0,
2005,104,R,5,80,16,5,5,0,0,
2005,104,SUM,5,80,16,5,5,0,0,
2005,105,N,2,4,2,2,2,0,0,
2005,105,R,18,195,11,18,15,3,0,
2005,105,SUM,20,199,10,20,17,3,0,
2005,106,N,1,2,2,0,0,0,0,
2005,106,R,14,207,15,12,11,0,1,
2005,106,SUM,15,209,14,12,11,0,1,
2005,110,N,1,7,7,1,1,0,0,
2005,110,R,9,65,7,8,7,1,0,
2005,110,SUM,10,72,7,9,8,1,0,
2005,111,N,1,30,30,0,0,0,0,
2005,111,R,9,31,3,9,6,3,0,
2005,111,SUM,10,61,6,9,6,3,0,
2005,112,R,5,49,10,5,3,2,0,
2005,112,SUM,5,49,10,5,3,2,0,
2005,121,R,6,92,15,6,5,1,0,
2005,121,SUM,6,92,15,6,5,1,0,
2005,122,R,6,78,13,6,6,0,0,
2005,122,SUM,6,78,13,6,6,0,0,
2005,125,R,2,17,9,2,2,0,0,
2005,125,SUM,2,17,9,2,2,0,0,
2005,130,R,5,89,18,2,2,0,0,
2005,130,SUM,5,89,18,2,2,0,0,
2005,140,R,5,71,14,5,2,2,1,
2005,140,SUM,5,71,14,5,2,2,1,
2005,141,R,6,154,26,4,4,0,0,
2005,141,SUM,6,154,26,4,4,0,0,
2005,150,R,2,6,3,1,1,0,0,
2005,150,SUM,2,6,3,1,1,0,0,
2005,210,R,8,126,16,6,2,2,2,
2005,210,SUM,8,126,16,6,2,2,2,
2005,211,R,6,22,4,6,3,3,0,
2005,211,SUM,6,22,4,6,3,3,0,
2005,212,R,12,153,13,9,5,4,0,
2005,212,SUM,12,153,13,9,5,4,0,
2005,214,R,4,63,16,4,2,2,0,
2005,214,SUM,4,63,16,4,2,2,0,
2005,215,R,5,52,10,5,3,2,0,
2005,215,SUM,5,52,10,5,3,2,0,
2005,220,R,3,51,17,2,2,0,0,
2005,220,SUM,3,51,17,2,2,0,0,
2005,230,R,4,70,18,4,4,0,0,
2005,230,SUM,4,70,18,4,4,0,0,
2005,240,R,5,78,16,5,5,0,0,
2005,240,SUM,5,78,16,5,5,0,0,
2005,250,R,5,79,16,5,4,0,0,
2005,250,SUM,5,79,16,5,4,0,0,
2005,261,R,2,17,9,2,2,0,0,
2005,261,SUM,2,17,9,2,2,0,0,
2005,270,R,10,112,11,10,7,3,0,
2005,270,SUM,10,112,11,10,7,3,0,
2005,280,R,2,4,2,2,2,0,0,
2005,280,SUM,2,4,2,2,2,0,0,
2005,285,R,2,20,10,1,1,0,0,
2005,285,SUM,2,20,10,1,1,0,0,
2005,291,R,1,10,10,1,1,0,0,
2005,291,SUM,1,10,10,1,1,0,0,
2005,292,R,5,44,9,5,5,0,0,
2005,292,SUM,5,44,9,5,5,0,0,
2005,293,R,2,17,9,2,2,0,0,
2005,293,SUM,2,17,9,2,2,0,0,
2005,300,R,12,63,5,10,4,5,1,
2005,300,SUM,12,63,5,10,4,5,1,
2005,301,R,13,67,5,13,8,5,0,
2005,301,SUM,13,67,5,13,8,5,0,
2005,302,R,10,83,8,9,4,5,0,
2005,302,SUM,10,83,8,9,4,5,0,
2005,303,R,6,17,3,5,3,2,0,
2005,303,SUM,6,17,3,5,3,2,0,
2005,304,R,4,22,6,3,3,0,0,
2005,304,SUM,4,22,6,3,3,0,0,
2005,306,R,3,15,5,3,3,0,0,
2005,306,SUM,3,15,5,3,3,0,0,
2005,307,R,1,25,25,0,0,0,0,
2005,307,SUM,1,25,25,0,0,0,0,
2005,308,R,4,31,8,3,3,0,0,
2005,308,SUM,4,31,8,3,3,0,0,
2005,309,R,7,41,6,7,7,0,0,
2005,309,SUM,7,41,6,7,7,0,0,
2005,310,R,1,17,17,1,1,0,0,
2005,310,SUM,1,17,17,1,1,0,0,
2005,311,N,1,20,20,1,1,0,0,
2005,311,R,14,143,10,11,11,0,0,
2005,311,SUM,15,163,11,12,12,0,0,
2005,312,R,5,43,9,4,4,0,0,
2005,312,SUM,5,43,9,4,4,0,0,
2005,313,R,4,71,18,1,1,0,0,
2005,313,SUM,4,71,18,1,1,0,0,
2005,314,R,6,50,8,5,5,0,0,
2005,314,SUM,6,50,8,5,5,0,0,
2005,315,R,7,60,9,6,5,1,0,
2005,315,SUM,7,60,9,6,5,1,0,
2005,316,R,2,14,7,0,0,0,0,
2005,316,SUM,2,14,7,0,0,0,0,
2005,317,R,2,16,8,1,1,0,0,
2005,317,SUM,2,16,8,1,1,0,0,
2005,318,R,3,15,5,2,2,0,0,
2005,318,SUM,3,15,5,2,2,0,0,
2005,319,R,5,68,14,3,3,0,0,
2005,319,SUM,5,68,14,3,3,0,0,
2005,320,R,6,17,3,6,3,3,0,
2005,320,SUM,6,17,3,6,3,3,0,
2005,321,R,4,70,18,3,2,1,0,
2005,321,SUM,4,70,18,3,2,1,0,
2005,322,R,5,35,7,3,3,0,0,
2005,322,SUM,5,35,7,3,3,0,0,
2005,323,N,1,4,4,1,1,0,0,
2005,323,R,26,127,5,25,14,9,2,
2005,323,SUM,27,131,5,26,15,9,2,
2005,324,R,12,120,10,10,6,4,0,
2005,324,SUM,12,120,10,10,6,4,0,
2005,325,R,6,49,8,6,3,2,1,
2005,325,SUM,6,49,8,6,3,2,1,
2005,326,R,22,106,5,18,9,9,0,
2005,326,SUM,22,106,5,18,9,9,0,
2005,327,R,18,110,6,17,11,5,1,
2005,327,SUM,18,110,6,17,11,5,1,
2005,328,R,2,21,11,1,1,0,0,
2005,328,SUM,2,21,11,1,1,0,0,
2005,329,R,5,26,5,4,4,0,0,
2005,329,SUM,5,26,5,4,4,0,0,
2005,330,R,10,56,6,8,5,3,0,
2005,330,SUM,10,56,6,8,5,3,0,
2005,331,N,2,3,2,2,1,1,0,
2005,331,R,18,101,6,18,9,9,0,
2005,331,SUM,20,104,5,20,10,10,0,
2005,332,R,10,39,4,10,6,4,0,
2005,332,SUM,10,39,4,10,6,4,0,
2005,333,R,4,20,5,2,1,1,0,
2005,333,SUM,4,20,5,2,1,1,0,
2005,334,R,11,49,5,10,4,5,1,
2005,334,SUM,11,49,5,10,4,5,1,
2005,335,R,3,66,22,2,2,0,0,
2005,335,SUM,3,66,22,2,2,0,0,
2005,340,R,19,133,7,18,9,9,0,
2005,340,SUM,19,133,7,18,9,9,0,
2005,341,R,3,46,15,3,2,1,0,
2005,341,SUM,3,46,15,3,2,1,0,
2005,350,R,7,115,16,7,5,2,0,
2005,350,SUM,7,115,16,7,5,2,0,
2005,360,R,4,47,12,2,2,0,0,
2005,360,SUM,4,47,12,2,2,0,0,
2005,361,R,5,31,6,5,5,0,0,
2005,361,SUM,5,31,6,5,5,0,0,
2005,362,R,3,14,5,2,2,0,0,
2005,362,SUM,3,14,5,2,2,0,0,
2005,380,R,7,75,11,5,4,1,0,
2005,380,SUM,7,75,11,5,4,1,0,
2005,382,R,3,10,3,3,3,0,0,
2005,382,SUM,3,10,3,3,3,0,0,
2005,415,R,3,30,10,1,1,0,0,
2005,415,SUM,3,30,10,1,1,0,0,
2005,494,R,6,26,4,5,4,1,0,
2005,494,SUM,6,26,4,5,4,1,0,
2005,496,R,4,60,15,2,2,0,0,
2005,496,SUM,4,60,15,2,2,0,0,
2005,512,R,0,0,0,0,0,0,0,
2005,512,SUM,0,0,0,0,0,0,0,
2005,513,R,3,34,11,1,1,0,0,
2005,513,SUM,3,34,11,1,1,0,0,
2005,514,R,11,138,13,6,3,3,0,
2005,514,SUM,11,138,13,6,3,3,0,
2005,515,R,0,0,0,0,0,0,0,
2005,515,SUM,0,0,0,0,0,0,0,
2005,516,R,3,44,15,1,1,0,0,
2005,516,SUM,3,44,15,1,1,0,0,
2005,Reg_1,N,7,62,9,4,4,0,0,
2005,Reg_1,R,135,1577,12,122,102,19,2,
2005,Reg_1,SUM,142,1639,12,126,106,19,2,
2005,Reg_2,R,76,918,12,69,50,16,2,
2005,Reg_2,SUM,76,918,12,69,50,16,2,
2005,Reg_3,N,4,27,7,4,3,1,0,
2005,Reg_3,R,322,2345,7,274,183,85,6,
2005,Reg_3,SUM,326,2372,7,278,186,86,6,
2005,Reg_4,R,13,116,9,8,7,1,0,
2005,Reg_4,SUM,13,116,9,8,7,1,0,
2005,Reg_5,R,17,216,13,8,5,3,0,
2005,Reg_5,SUM,17,216,13,8,5,3,0,
2005,State,N,11,89,8,8,7,1,0,
2005,State,R,563,5172,9,482,346,124,10,
2005,State,SUM,574,5261,9,490,353,125,10,
2006,100,N,1,15,15,0,0,0,0,
2006,100,R,13,131,10,10,9,1,0,
2006,100,SUM,14,146,11,10,9,1,0,
2006,101,R,14,159,12,13,10,2,0,
2006,101,SUM,14,159,12,13,10,2,0,
2006,102,N,1,4,4,1,1,0,0,
2006,102,R,14,159,11,13,10,1,0,
2006,102,SUM,15,163,11,14,11,1,0,
2006,103,R,5,94,19,4,4,0,0,
2006,103,SUM,5,94,19,4,4,0,0,
2006,104,R,5,46,9,5,3,2,0,
2006,104,SUM,5,46,9,5,3,2,0,
2006,105,N,2,8,4,2,2,0,0,
2006,105,R,23,191,8,23,18,5,0,
2006,105,SUM,25,199,8,25,20,5,0,
2006,106,R,15,180,12,15,11,4,0,
2006,106,SUM,15,180,12,15,11,4,0,
2006,110,N,1,2,2,1,1,0,0,
2006,110,R,14,224,16,11,10,1,0,
2006,110,SUM,15,226,15,12,11,1,0,
2006,111,N,0,0,0,0,0,0,0,
2006,111,R,9,78,9,9,9,0,0,
2006,111,SUM,9,78,9,9,9,0,0,
2006,112,R,5,86,17,5,4,1,0,
2006,112,SUM,5,86,17,5,4,1,0,
2006,121,R,6,76,13,6,4,2,0,
2006,121,SUM,6,76,13,6,4,2,0,
2006,122,R,8,178,22,8,8,0,0,
2006,122,SUM,8,178,22,8,8,0,0,
2006,125,R,3,23,8,3,3,0,0,
2006,125,SUM,3,23,8,3,3,0,0,
2006,126,R,1,10,10,1,1,0,0,
2006,126,SUM,1,10,10,1,1,0,0,
2006,130,R,5,67,13,5,5,0,0,
2006,130,SUM,5,67,13,5,5,0,0,
2006,140,N,1,7,7,0,0,0,0,
2006,140,R,4,75,19,3,3,0,0,
2006,140,SUM,5,82,16,3,3,0,0,
2006,141,R,6,37,6,5,5,0,0,
2006,141,SUM,6,37,6,5,5,0,0,
2006,150,R,2,23,12,1,1,0,0,
2006,150,SUM,2,23,12,1,1,0,0,
2006,210,R,8,119,15,8,4,3,1,
2006,210,SUM,8,119,15,8,4,3,1,
2006,211,R,6,118,20,4,2,2,0,
2006,211,SUM,6,118,20,4,2,2,0,
2006,212,R,13,112,9,13,8,5,0,
2006,212,SUM,13,112,9,13,8,5,0,
2006,214,R,4,20,5,4,2,2,0,
2006,214,SUM,4,20,5,4,2,2,0,
2006,215,R,5,28,6,5,3,2,0,
2006,215,SUM,5,28,6,5,3,2,0,
2006,220,R,3,68,23,3,3,0,0,
2006,220,SUM,3,68,23,3,3,0,0,
2006,230,R,4,41,10,4,4,0,0,
2006,230,SUM,4,41,10,4,4,0,0,
2006,240,R,5,23,5,5,5,0,0,
2006,240,SUM,5,23,5,5,5,0,0,
2006,250,R,5,43,9,4,4,0,0,
2006,250,SUM,5,43,9,4,4,0,0,
2006,261,R,2,35,18,2,2,0,0,
2006,261,SUM,2,35,18,2,2,0,0,
2006,270,N,1,21,21,0,0,0,0,
2006,270,R,9,137,15,9,8,0,0,
2006,270,SUM,10,158,16,9,8,0,0,
2006,280,R,2,10,5,2,2,0,0,
2006,280,SUM,2,10,5,2,2,0,0,
2006,285,R,2,16,8,2,2,0,0,
2006,285,SUM,2,16,8,2,2,0,0,
2006,291,R,1,10,10,0,0,0,0,
2006,291,SUM,1,10,10,0,0,0,0,
2006,292,R,6,90,15,5,5,0,0,
2006,292,SUM,6,90,15,5,5,0,0,
2006,293,R,2,14,7,2,2,0,0,
2006,293,SUM,2,14,7,2,2,0,0,
2006,300,R,15,73,5,15,9,6,0,
2006,300,SUM,15,73,5,15,9,6,0,
2006,301,N,2,42,21,2,2,0,0,
2006,301,R,14,91,7,12,5,5,2,
2006,301,SUM,16,133,8,14,7,5,2,
2006,302,N,0,0,0,0,0,0,0,
2006,302,R,8,126,16,4,4,0,0,
2006,302,SUM,8,126,16,4,4,0,0,
2006,303,R,6,27,5,6,4,2,0,
2006,303,SUM,6,27,5,6,4,2,0,
2006,304,R,4,24,6,4,4,0,0,
2006,304,SUM,4,24,6,4,4,0,0,
2006,306,R,3,26,9,3,2,0,0,
2006,306,SUM,3,26,9,3,2,0,0,
2006,307,R,0,0,0,0,0,0,0,
2006,307,SUM,0,0,0,0,0,0,0,
2006,308,R,4,19,5,4,4,0,0,
2006,308,SUM,4,19,5,4,4,0,0,
2006,309,R,7,83,12,4,4,0,0,
2006,309,SUM,7,83,12,4,4,0,0,
2006,310,R,1,7,7,1,1,0,0,
2006,310,SUM,1,7,7,1,1,0,0,
2006,311,R,13,91,7,9,9,0,0,
2006,311,SUM,13,91,7,9,9,0,0,
2006,312,R,4,23,6,3,3,0,0,
2006,312,SUM,4,23,6,3,3,0,0,
2006,313,R,4,60,16,1,1,0,0,
2006,313,SUM,4,60,16,1,1,0,0,
2006,314,R,6,53,9,0,0,0,0,
2006,314,SUM,6,53,9,0,0,0,0,
2006,315,R,6,72,12,3,3,0,0,
2006,315,SUM,6,72,12,3,3,0,0,
2006,316,R,3,20,7,2,2,0,0,
2006,316,SUM,3,20,7,2,2,0,0,
2006,317,R,2,13,7,2,2,0,0,
2006,317,SUM,2,13,7,2,2,0,0,
2006,318,N,0,0,0,0,0,0,0,
2006,318,R,2,24,12,1,1,0,0,
2006,318,SUM,2,24,12,1,1,0,0,
2006,319,R,7,126,18,5,3,2,0,
2006,319,SUM,7,126,18,5,3,2,0,
2006,320,R,6,31,5,6,3,3,0,
2006,320,SUM,6,31,5,6,3,3,0,
2006,321,R,4,37,9,1,1,0,0,
2006,321,SUM,4,37,9,1,1,0,0,
2006,322,R,5,65,13,5,5,0,0,
2006,322,SUM,5,65,13,5,5,0,0,
2006,323,N,2,11,6,2,1,1,0,
2006,323,R,24,188,8,21,10,10,1,
2006,323,SUM,26,199,8,23,11,11,1,
2006,324,N,1,3,3,1,1,0,0,
2006,324,R,13,94,7,13,8,5,0,
2006,324,SUM,14,97,7,14,9,5,0,
2006,325,N,0,0,0,0,0,0,0,
2006,325,R,6,30,5,4,3,1,0,
2006,325,SUM,6,30,5,4,3,1,0,
2006,326,N,1,3,3,1,0,1,0,
2006,326,R,21,157,8,19,8,11,0,
2006,326,SUM,22,160,7,20,8,12,0,
2006,327,N,2,15,8,2,1,1,0,
2006,327,R,15,96,6,14,8,6,0,
2006,327,SUM,17,111,7,16,9,7,0,
2006,328,R,2,62,31,0,0,0,0,
2006,328,SUM,2,62,31,0,0,0,0,
2006,329,R,5,136,27,1,1,0,0,
2006,329,SUM,5,136,27,1,1,0,0,
2006,330,R,10,52,5,8,5,2,2,
2006,330,SUM,10,52,5,8,5,2,2,
2006,331,N,0,0,0,0,0,0,0,
2006,331,R,18,105,6,16,10,3,2,
2006,331,SUM,18,105,6,16,10,3,2,
2006,332,R,19,58,3,18,9,9,0,
2006,332,SUM,19,58,3,18,9,9,0,
2006,333,R,4,19,5,3,2,1,0,
2006,333,SUM,4,19,5,3,2,1,0,
2006,334,R,9,58,6,8,5,2,1,
2006,334,SUM,9,58,6,8,5,2,1,
2006,335,R,3,18,6,3,3,0,0,
2006,335,SUM,3,18,6,3,3,0,0,
2006,340,R,20,193,10,14,6,7,1,
2006,340,SUM,20,193,10,14,6,7,1,
2006,341,R,6,33,6,6,3,3,0,
2006,341,SUM,6,33,6,6,3,3,0,
2006,350,R,5,64,13,3,3,0,0,
2006,350,SUM,5,64,13,3,3,0,0,
2006,360,R,5,43,9,4,4,0,0,
2006,360,SUM,5,43,9,4,4,0,0,
2006,361,R,5,54,11,5,5,0,0,
2006,361,SUM,5,54,11,5,5,0,0,
2006,362,N,0,0,0,0,0,0,0,
2006,362,R,2,10,5,2,2,0,0,
2006,362,SUM,2,10,5,2,2,0,0,
2006,380,R,7,44,6,7,5,2,0,
2006,380,SUM,7,44,6,7,5,2,0,
2006,382,R,3,32,11,3,3,0,0,
2006,382,SUM,3,32,11,3,3,0,0,
2006,415,R,3,20,7,3,3,0,0,
2006,415,SUM,3,20,7,3,3,0,0,
2006,494,R,6,92,15,6,6,0,0,
2006,494,SUM,6,92,15,6,6,0,0,
2006,496,R,4,67,17,1,1,0,0,
2006,496,SUM,4,67,17,1,1,0,0,
2006,513,R,3,39,13,3,3,0,0,
2006,513,SUM,3,39,13,3,3,0,0,
2006,514,R,4,44,11,2,2,0,0,
2006,514,SUM,4,44,11,2,2,0,0,
2006,515,R,0,0,0,0,0,0,0,
2006,515,SUM,0,0,0,0,0,0,0,
2006,516,R,3,8,3,3,3,0,0,
2006,516,SUM,3,8,3,3,3,0,0,
2006,Reg_1,N,6,36,6,4,4,0,0,
2006,Reg_1,R,152,1837,12,139,117,21,0,
2006,Reg_1,SUM,158,1873,12,143,121,21,0,
2006,Reg_2,N,1,21,21,0,0,0,0,
2006,Reg_2,R,77,882,12,71,55,14,1,
2006,Reg_2,SUM,78,903,12,71,55,14,1,
2006,Reg_3,N,8,74,9,8,5,3,0,
2006,Reg_3,R,325,2634,8,262,172,79,9,
2006,Reg_3,SUM,333,2708,8,270,177,82,9,
2006,Reg_4,R,13,179,14,10,10,0,0,
2006,Reg_4,SUM,13,179,14,10,10,0,0,
2006,Reg_5,R,10,91,9,8,8,0,0,
2006,Reg_5,SUM,10,91,9,8,8,0,0,
2006,State,N,16,132,8,12,9,3,0,
2006,State,R,578,5633,10,490,363,113,11,
2006,State,SUM,594,5765,10,502,372,116,11,
2007,100,N,1,30,30,0,0,0,0,
2007,100,R,14,175,13,13,6,7,0,
2007,100,SUM,15,205,14,13,6,7,0,
2007,101,N,1,10,10,1,1,0,0,
2007,101,R,14,52,5,13,10,1,1,
2007,101,SUM,15,62,5,14,11,1,1,
2007,102,N,1,8,8,1,1,0,0,
2007,102,R,12,32,5,12,8,2,2,
2007,102,SUM,13,40,5,13,9,2,2,
2007,103,R,5,34,8,4,3,1,0,
2007,103,SUM,5,34,8,4,3,1,0,
2007,104,R,5,74,26,5,4,1,0,
2007,104,SUM,5,74,26,5,4,1,0,
2007,105,N,2,18,9,2,2,0,0,
2007,105,R,22,136,8,20,19,0,0,
2007,105,SUM,24,154,8,22,21,0,0,
2007,106,N,0,0,0,0,0,0,0,
2007,106,R,14,161,15,13,10,3,0,
2007,106,SUM,14,161,15,13,10,3,0,
2007,110,R,15,217,15,12,11,0,1,
2007,110,SUM,15,217,15,12,11,0,1,
2007,111,R,9,49,8,9,6,2,1,
2007,111,SUM,9,49,8,9,6,2,1,
2007,112,R,5,24,5,4,3,0,1,
2007,112,SUM,5,24,5,4,3,0,1,
2007,121,N,1,0,0,1,0,1,0,
2007,121,R,5,60,12,3,3,0,0,
2007,121,SUM,6,60,11,4,3,1,0,
2007,122,R,8,35,7,8,6,0,1,
2007,122,SUM,8,35,7,8,6,0,1,
2007,125,N,1,3,3,1,1,0,0,
2007,125,R,2,2,1,2,1,1,0,
2007,125,SUM,3,5,2,3,2,1,0,
2007,126,R,1,20,20,1,1,0,0,
2007,126,SUM,1,20,20,1,1,0,0,
2007,130,R,5,54,13,2,0,0,2,
2007,130,SUM,5,54,13,2,0,0,2,
2007,140,R,4,51,10,4,4,0,0,
2007,140,SUM,4,51,10,4,4,0,0,
2007,141,R,6,54,11,3,2,1,0,
2007,141,SUM,6,54,11,3,2,1,0,
2007,150,R,2,20,10,2,2,0,0,
2007,150,SUM,2,20,10,2,2,0,0,
2007,210,R,6,52,10,6,4,1,1,
2007,210,SUM,6,52,10,6,4,1,1,
2007,211,R,4,13,3,3,2,1,0,
2007,211,SUM,4,13,3,3,2,1,0,
2007,212,R,13,99,8,13,7,4,2,
2007,212,SUM,13,99,8,13,7,4,2,
2007,214,R,3,28,12,2,1,0,1,
2007,214,SUM,3,28,12,2,1,0,1,
2007,215,R,5,75,15,4,2,2,0,
2007,215,SUM,5,75,15,4,2,2,0,
2007,220,R,3,64,21,3,3,0,0,
2007,220,SUM,3,64,21,3,3,0,0,
2007,230,R,4,23,6,4,4,0,0,
2007,230,SUM,4,23,6,4,4,0,0,
2007,240,R,5,32,6,5,4,1,0,
2007,240,SUM,5,32,6,5,4,1,0,
2007,250,R,5,44,9,3,2,0,1,
2007,250,SUM,5,44,9,3,2,0,1,
2007,261,R,1,18,9,1,1,0,0,
2007,261,SUM,1,18,9,1,1,0,0,
2007,270,N,1,12,12,1,1,0,0,
2007,270,R,9,129,14,9,4,6,0,
2007,270,SUM,10,141,14,10,5,6,0,
2007,280,R,2,6,3,1,1,0,0,
2007,280,SUM,2,6,3,1,1,0,0,
2007,285,R,2,46,23,2,2,0,0,
2007,285,SUM,2,46,23,2,2,0,0,
2007,291,R,3,61,20,3,1,2,0,
2007,291,SUM,3,61,20,3,1,2,0,
2007,292,R,6,57,10,5,5,0,0,
2007,292,SUM,6,57,10,5,5,0,0,
2007,293,R,2,48,24,1,1,0,0,
2007,293,SUM,2,48,24,1,1,0,0,
2007,300,R,14,61,5,14,8,5,1,
2007,300,SUM,14,61,5,14,8,5,1,
2007,301,R,13,65,5,10,8,1,1,
2007,301,SUM,13,65,5,10,8,1,1,
2007,302,R,9,22,3,6,3,3,0,
2007,302,SUM,9,22,3,6,3,3,0,
2007,303,R,6,49,8,4,3,1,0,
2007,303,SUM,6,49,8,4,3,1,0,
2007,304,R,2,13,3,2,2,0,0,
2007,304,SUM,2,13,3,2,2,0,0,
2007,306,R,2,22,11,1,1,0,0,
2007,306,SUM,2,22,11,1,1,0,0,
2007,307,N,1,1,1,1,1,0,0,
2007,307,SUM,1,1,1,1,1,0,0,
2007,308,R,4,47,12,4,4,0,0,
2007,308,SUM,4,47,12,4,4,0,0,
2007,309,R,7,51,7,4,4,0,0,
2007,309,SUM,7,51,7,4,4,0,0,
2007,310,R,1,3,3,1,1,0,0,
2007,310,SUM,1,3,3,1,1,0,0,
2007,311,R,15,194,13,12,10,0,2,
2007,311,SUM,15,194,13,12,10,0,2,
2007,312,R,5,56,11,4,4,0,0,
2007,312,SUM,5,56,11,4,4,0,0,
2007,313,R,5,70,14,3,3,0,0,
2007,313,SUM,5,70,14,3,3,0,0,
2007,314,N,1,3,3,1,1,0,0,
2007,314,R,5,54,11,2,2,0,0,
2007,314,SUM,6,57,9,3,3,0,0,
2007,315,R,6,55,9,5,5,0,0,
2007,315,SUM,6,55,9,5,5,0,0,
2007,316,N,0,0,0,0,0,0,0,
2007,316,R,1,8,4,1,1,0,0,
2007,316,SUM,1,8,3,1,1,0,0,
2007,317,R,1,0,0,1,0,0,1,
2007,317,SUM,1,0,0,1,0,0,1,
2007,318,R,3,12,4,1,1,0,0,
2007,318,SUM,3,12,4,1,1,0,0,
2007,319,R,7,33,5,5,4,1,0,
2007,319,SUM,7,33,5,5,4,1,0,
2007,320,R,5,55,12,4,2,1,1,
2007,320,SUM,5,55,12,4,2,1,1,
2007,321,N,1,10,10,1,1,0,0,
2007,321,R,2,45,23,0,0,0,0,
2007,321,SUM,3,55,19,1,1,0,0,
2007,322,R,5,48,10,2,1,1,0,
2007,322,SUM,5,48,10,2,1,1,0,
2007,323,N,2,4,2,2,1,0,1,
2007,323,R,24,142,6,23,12,8,3,
2007,323,SUM,26,146,6,25,13,8,4,
2007,324,R,14,164,12,11,8,3,1,
2007,324,SUM,14,164,12,11,8,3,1,
2007,325,R,8,50,6,8,4,2,2,
2007,325,SUM,8,50,6,8,4,2,2,
2007,326,N,1,3,3,1,0,1,0,
2007,326,R,20,211,12,14,6,6,2,
2007,326,SUM,21,214,11,15,6,7,2,
2007,327,R,18,112,6,15,9,5,1,
2007,327,SUM,18,112,6,15,9,5,1,
2007,328,R,1,12,12,0,0,0,0,
2007,328,SUM,1,12,12,0,0,0,0,
2007,329,R,5,84,17,2,1,1,0,
2007,329,SUM,5,84,17,2,1,1,0,
2007,330,R,10,69,7,8,4,4,0,
2007,330,SUM,10,69,7,8,4,4,0,
2007,331,N,2,13,7,2,1,1,0,
2007,331,R,18,102,6,17,8,6,3,
2007,331,SUM,20,115,6,19,9,7,3,
2007,332,N,1,8,4,1,1,0,0,
2007,332,R,28,146,5,28,14,14,0,
2007,332,SUM,29,154,5,29,15,14,0,
2007,333,R,4,44,11,4,2,2,0,
2007,333,SUM,4,44,11,4,2,2,0,
2007,334,R,11,29,3,11,5,6,0,
2007,334,SUM,11,29,3,11,5,6,0,
2007,335,R,2,15,5,2,2,0,0,
2007,335,SUM,2,15,5,2,2,0,0,
2007,340,N,1,1,1,1,0,1,0,
2007,340,R,10,93,10,10,5,4,1,
2007,340,SUM,11,94,9,11,5,5,1,
2007,341,R,5,51,11,5,1,1,3,
2007,341,SUM,5,51,11,5,1,1,3,
2007,350,R,6,103,17,3,2,1,0,
2007,350,SUM,6,103,17,3,2,1,0,
2007,360,R,5,66,13,4,3,1,0,
2007,360,SUM,5,66,13,4,3,1,0,
2007,361,R,5,41,8,5,5,0,0,
2007,361,SUM,5,41,8,5,5,0,0,
2007,362,R,3,41,14,3,3,0,0,
2007,362,SUM,3,41,14,3,3,0,0,
2007,380,R,7,50,7,7,5,1,1,
2007,380,SUM,7,50,7,7,5,1,1,
2007,382,R,3,40,13,3,3,0,0,
2007,382,SUM,3,40,13,3,3,0,0,
2007,415,R,1,5,2,1,1,0,0,
2007,415,SUM,1,5,2,1,1,0,0,
2007,494,R,6,21,4,6,5,0,1,
2007,494,SUM,6,21,4,6,5,0,1,
2007,496,R,3,36,9,3,2,1,0,
2007,496,SUM,3,36,9,3,2,1,0,
2007,513,R,3,49,16,3,3,0,0,
2007,513,SUM,3,49,16,3,3,0,0,
2007,514,R,4,40,10,1,1,0,0,
2007,514,SUM,4,40,10,1,1,0,0,
2007,515,N,0,0,0,0,0,0,0,
2007,515,SUM,0,0,0,0,0,0,0,
2007,516,R,3,13,4,2,2,0,0,
2007,516,SUM,3,13,4,2,2,0,0,
2007,Reg_1,N,7,69,11,6,5,1,0,
2007,Reg_1,R,147,1250,9,128,99,19,9,
2007,Reg_1,SUM,154,1319,10,134,104,20,9,
2007,Reg_2,N,1,12,12,1,1,0,0,
2007,Reg_2,R,73,795,11,65,44,17,5,
2007,Reg_2,SUM,74,807,11,66,45,17,5,
2007,Reg_3,N,10,43,4,10,6,3,1,
2007,Reg_3,R,324,2627,8,266,166,77,23,
2007,Reg_3,SUM,334,2670,8,276,172,80,24,
2007,Reg_4,R,10,62,5,10,8,1,1,
2007,Reg_4,SUM,10,62,5,10,8,1,1,
2007,Reg_5,N,0,0,0,0,0,0,0,
2007,Reg_5,R,10,102,10,6,6,0,0,
2007,Reg_5,SUM,10,102,11,6,6,0,0,
2007,State,N,19,128,8,18,13,4,1,
2007,State,R,565,4840,9,476,323,113,38,
2007,State,SUM,584,4968,9,494,336,117,39,
2008,100,N,1,6,6,1,0,1,0,
2008,100,R,14,150,11,10,10,0,0,
2008,100,SUM,15,156,10,11,10,1,0,
2008,101,N,0,0,0,0,0,0,0,
2008,101,R,14,185,13,12,9,3,0,
2008,101,SUM,14,185,13,12,9,3,0,
2008,102,N,0,0,0,0,0,0,0,
2008,102,R,17,232,14,17,12,5,0,
2008,102,SUM,17,232,14,17,12,5,0,
2008,103,R,5,60,12,5,4,1,0,
2008,103,SUM,5,60,12,5,4,1,0,
2008,104,N,0,0,0,0,0,0,0,
2008,104,R,4,32,8,4,4,0,0,
2008,104,SUM,4,32,8,4,4,0,0,
2008,105,N,0,0,0,0,0,0,0,
2008,105,R,23,287,13,22,15,5,1,
2008,105,SUM,23,287,13,22,15,5,1,
2008,106,N,0,0,0,0,0,0,0,
2008,106,R,14,217,16,13,9,4,0,
2008,106,SUM,14,217,16,13,9,4,0,
2008,110,N,0,0,0,0,0,0,0,
2008,110,R,14,324,23,10,9,1,0,
2008,110,SUM,14,324,23,10,9,1,0,
2008,111,N,0,0,0,0,0,0,0,
2008,111,R,9,131,15,5,4,1,0,
2008,111,SUM,9,131,15,5,4,1,0,
2008,112,R,5,41,8,5,5,0,0,
2008,112,SUM,5,41,8,5,5,0,0,
2008,121,R,6,53,9,6,6,0,0,
2008,121,SUM,6,53,9,6,6,0,0,
2008,122,R,8,114,14,6,6,0,0,
2008,122,SUM,8,114,14,6,6,0,0,
2008,125,R,3,3,1,3,3,0,0,
2008,125,SUM,3,3,1,3,3,0,0,
2008,126,R,1,7,7,1,1,0,0,
2008,126,SUM,1,7,7,1,1,0,0,
2008,130,R,5,104,21,3,2,1,0,
2008,130,SUM,5,104,21,3,2,1,0,
2008,140,R,5,56,11,3,3,0,0,
2008,140,SUM,5,56,11,3,3,0,0,
2008,141,R,6,110,18,3,3,0,0,
2008,141,SUM,6,110,18,3,3,0,0,
2008,150,N,0,0,0,0,0,0,0,
2008,150,R,1,10,10,1,1,0,0,
2008,150,SUM,1,10,10,1,1,0,0,
2008,210,R,8,36,5,8,8,0,0,
2008,210,SUM,8,36,5,8,8,0,0,
2008,211,R,3,62,21,2,2,0,0,
2008,211,SUM,3,62,21,2,2,0,0,
2008,212,R,13,185,14,11,11,0,0,
2008,212,SUM,13,185,14,11,11,0,0,
2008,214,R,4,47,12,3,3,0,0,
2008,214,SUM,4,47,12,3,3,0,0,
2008,215,R,5,75,15,5,5,0,0,
2008,215,SUM,5,75,15,5,5,0,0,
2008,220,R,3,50,17,3,3,0,0,
2008,220,SUM,3,50,17,3,3,0,0,
2008,230,R,4,28,7,4,4,0,0,
2008,230,SUM,4,28,7,4,4,0,0,
2008,240,R,5,73,15,4,3,1,0,
2008,240,SUM,5,73,15,4,3,1,0,
2008,250,R,5,86,17,3,3,0,0,
2008,250,SUM,5,86,17,3,3,0,0,
2008,261,R,2,9,5,2,2,0,0,
2008,261,SUM,2,9,5,2,2,0,0,
2008,270,N,1,2,2,1,1,0,0,
2008,270,R,9,131,15,6,6,0,0,
2008,270,SUM,10,133,13,7,7,0,0,
2008,280,R,0,0,0,0,0,0,0,
2008,280,SUM,0,0,0,0,0,0,0,
2008,285,R,2,28,14,2,2,0,0,
2008,285,SUM,2,28,14,2,2,0,0,
2008,291,R,3,38,13,2,0,2,0,
2008,291,SUM,3,38,13,2,0,2,0,
2008,292,R,6,113,19,3,3,0,0,
2008,292,SUM,6,113,19,3,3,0,0,
2008,293,R,2,43,22,1,1,0,0,
2008,293,SUM,2,43,22,1,1,0,0,
2008,300,R,14,76,5,14,7,7,0,
2008,300,SUM,14,76,5,14,7,7,0,
2008,301,R,13,174,13,8,6,2,0,
2008,301,SUM,13,174,13,8,6,2,0,
2008,302,R,5,58,12,3,2,1,0,
2008,302,SUM,5,58,12,3,2,1,0,
2008,303,R,5,27,5,5,4,1,0,
2008,303,SUM,5,27,5,5,4,1,0,
2008,304,R,3,59,22,0,0,0,0,
2008,304,SUM,3,59,22,0,0,0,0,
2008,306,R,3,18,6,2,2,0,0,
2008,306,SUM,3,18,6,2,2,0,0,
2008,307,R,1,15,15,1,1,0,0,
2008,307,SUM,1,15,15,1,1,0,0,
2008,308,R,4,130,33,2,2,0,0,
2008,308,SUM,4,130,33,2,2,0,0,
2008,309,R,7,77,11,4,4,0,0,
2008,309,SUM,7,77,11,4,4,0,0,
2008,310,R,1,10,10,0,0,0,0,
2008,310,SUM,1,10,10,0,0,0,0,
2008,311,N,1,1,1,1,1,0,0,
2008,311,R,14,244,17,9,9,0,0,
2008,311,SUM,15,245,16,10,10,0,0,
2008,312,R,5,80,16,3,3,0,0,
2008,312,SUM,5,80,16,3,3,0,0,
2008,314,R,6,76,13,2,2,0,0,
2008,314,SUM,6,76,13,2,2,0,0,
2008,315,R,6,116,19,3,3,0,0,
2008,315,SUM,6,116,19,3,3,0,0,
2008,316,R,2,30,15,2,2,0,0,
2008,316,SUM,2,30,15,2,2,0,0,
2008,317,R,1,7,7,1,1,0,0,
2008,317,SUM,1,7,7,1,1,0,0,
2008,318,R,2,16,8,0,0,0,0,
2008,318,SUM,2,16,8,0,0,0,0,
2008,319,R,3,24,8,3,2,1,0,
2008,319,SUM,3,24,8,3,2,1,0,
2008,320,R,6,24,4,6,3,3,0,
2008,320,SUM,6,24,4,6,3,3,0,
2008,321,R,1,14,14,1,1,0,0,
2008,321,SUM,1,14,14,1,1,0,0,
2008,322,R,2,18,9,2,2,0,0,
2008,322,SUM,2,18,9,2,2,0,0,
2008,323,N,1,6,6,1,1,0,0,
2008,323,R,16,79,5,12,7,2,3,
2008,323,SUM,17,85,5,13,8,2,3,
2008,324,R,13,146,11,7,5,3,0,
2008,324,SUM,13,146,11,7,5,3,0,
2008,325,R,8,116,15,4,4,0,0,
2008,325,SUM,8,116,15,4,4,0,0,
2008,326,N,2,17,9,1,0,1,0,
2008,326,R,12,140,12,8,4,4,0,
2008,326,SUM,14,157,11,9,4,5,0,
2008,327,R,13,119,9,9,4,6,0,
2008,327,SUM,13,119,9,9,4,6,0,
2008,328,R,1,1,1,1,1,0,0,
2008,328,SUM,1,1,1,1,1,0,0,
2008,329,R,5,74,15,1,1,0,0,
2008,329,SUM,5,74,15,1,1,0,0,
2008,330,N,1,5,5,1,1,0,0,
2008,330,R,9,60,7,6,4,2,0,
2008,330,SUM,10,65,7,7,5,2,0,
2008,331,N,2,10,5,2,1,1,0,
2008,331,R,15,144,9,13,8,5,0,
2008,331,SUM,17,154,9,15,9,6,0,
2008,332,N,1,1,1,1,1,0,0,
2008,332,R,28,157,6,28,14,14,0,
2008,332,SUM,29,158,5,29,15,14,0,
2008,333,R,4,27,7,2,2,0,0,
2008,333,SUM,4,27,7,2,2,0,0,
2008,334,N,1,5,5,1,1,0,0,
2008,334,R,10,24,2,9,4,5,0,
2008,334,SUM,11,29,3,10,5,5,0,
2008,335,R,3,18,6,3,3,0,0,
2008,335,SUM,3,18,6,3,3,0,0,
2008,340,N,0,0,0,0,0,0,0,
2008,340,R,8,79,10,7,3,3,1,
2008,340,SUM,8,79,10,7,3,3,1,
2008,341,R,3,22,7,3,3,0,0,
2008,341,SUM,3,22,7,3,3,0,0,
2008,350,R,4,54,13,3,3,0,0,
2008,350,SUM,4,54,13,3,3,0,0,
2008,360,R,5,45,9,0,0,0,0,
2008,360,SUM,5,45,9,0,0,0,0,
2008,361,R,5,109,22,3,3,0,0,
2008,361,SUM,5,109,22,3,3,0,0,
2008,362,R,3,75,25,2,2,0,0,
2008,362,SUM,3,75,25,2,2,0,0,
2008,380,R,7,111,16,7,5,2,0,
2008,380,SUM,7,111,16,7,5,2,0,
2008,382,R,3,75,25,3,3,0,0,
2008,382,SUM,3,75,25,3,3,0,0,
2008,390,R,2,30,15,2,2,0,0,
2008,390,SUM,2,30,15,2,2,0,0,
2008,415,R,3,15,5,2,2,0,0,
2008,415,SUM,3,15,5,2,2,0,0,
2008,494,R,5,44,9,4,4,0,0,
2008,494,SUM,5,44,9,4,4,0,0,
2008,496,R,4,110,28,4,3,1,0,
2008,496,SUM,4,110,28,4,3,1,0,
2008,513,R,3,20,7,3,3,0,0,
2008,513,SUM,3,20,7,3,3,0,0,
2008,514,R,4,44,11,4,4,0,0,
2008,514,SUM,4,44,11,4,4,0,0,
2008,515,R,1,2,2,0,0,0,0,
2008,515,SUM,1,2,2,0,0,0,0,
2008,516,R,3,60,20,2,2,0,0,
2008,516,SUM,3,60,20,2,2,0,0,
2008,600,R,2,8,4,2,2,0,0,
2008,600,SUM,2,8,4,2,2,0,0,
2008,Reg_1,N,1,6,6,1,0,1,0,
2008,Reg_1,R,154,2114,14,128,105,21,1,
2008,Reg_1,SUM,155,2120,14,129,105,22,105,
2008,Reg_2,N,1,2,2,1,1,0,0,
2008,Reg_2,R,74,1003,14,57,55,3,0,
2008,Reg_2,SUM,75,1005,13,58,56,3,56,
2008,Reg_3,N,9,45,5,8,6,2,0,
2008,Reg_3,R,281,2995,11,202,138,60,5,
2008,Reg_3,SUM,290,3040,11,210,144,62,144,
2008,Reg_4,R,12,169,14,10,9,1,0,
2008,Reg_4,SUM,12,169,14,10,9,1,9,
2008,Reg_5,R,11,126,11,9,9,0,0,
2008,Reg_5,SUM,11,126,11,9,9,0,9,
2008,Reg_6,R,2,8,4,2,2,0,0,
2008,Reg_6,SUM,2,8,4,2,2,0,2,
2008,State,N,12,64,4,10,7,3,0,
2008,State,R,535,6431,9,408,318,84,6,
2008,State,SUM,547,6495,9,418,325,87,6,
2009,100,R,18,225,13,14,13,0,0,
2009,100,SUM,18,225,13,14,13,0,0,
2009,101,N,1,8,8,0,0,0,0,
2009,101,R,13,130,10,9,9,0,0,
2009,101,SUM,14,138,10,9,9,0,0,
2009,102,N,1,5,5,1,1,0,0,
2009,102,R,17,110,7,15,9,3,0,
2009,102,SUM,18,115,6,16,10,3,0,
2009,103,R,3,27,9,3,2,1,0,
2009,103,SUM,3,27,9,3,2,1,0,
2009,104,R,5,122,24,5,5,0,0,
2009,104,SUM,5,122,24,5,5,0,0,
2009,105,N,2,26,13,2,2,0,0,
2009,105,R,23,264,12,20,16,2,0,
2009,105,SUM,25,290,13,22,18,2,0,
2009,106,R,15,157,11,14,12,2,0,
2009,106,SUM,15,157,11,14,12,2,0,
2009,110,R,14,230,17,11,8,0,0,
2009,110,SUM,14,230,17,11,8,0,0,
2009,111,R,10,125,13,10,9,0,0,
2009,111,SUM,10,125,13,10,9,0,0,
2009,112,R,5,47,10,5,5,0,0,
2009,112,SUM,5,47,10,5,5,0,0,
2009,121,R,6,78,13,4,3,0,0,
2009,121,SUM,6,78,13,4,3,0,0,
2009,122,R,6,30,6,6,3,0,1,
2009,122,SUM,6,30,6,6,3,0,1,
2009,125,N,1,3,3,1,0,0,1,
2009,125,R,1,0,0,0,0,0,0,
2009,125,SUM,2,3,2,1,0,0,1,
2009,126,R,1,0,0,0,1,0,0,
2009,126,SUM,1,0,0,0,1,0,0,
2009,130,R,5,56,11,0,0,0,0,
2009,130,SUM,5,56,11,0,0,0,0,
2009,140,R,5,55,12,4,3,0,0,
2009,140,SUM,5,55,12,4,3,0,0,
2009,141,R,6,50,8,4,4,0,0,
2009,141,SUM,6,50,8,4,4,0,0,
2009,150,R,2,52,26,0,0,0,0,
2009,150,SUM,2,52,26,0,0,0,0,
2009,210,R,8,66,8,8,8,0,0,
2009,210,SUM,8,66,8,8,8,0,0,
2009,211,R,3,45,15,2,2,0,0,
2009,211,SUM,3,45,15,2,2,0,0,
2009,212,R,5,81,16,3,3,0,0,
2009,212,SUM,5,81,16,3,3,0,0,
2009,214,R,4,56,14,1,1,0,0,
2009,214,SUM,4,56,14,1,1,0,0,
2009,215,R,3,39,13,3,3,0,0,
2009,215,SUM,3,39,13,3,3,0,0,
2009,220,R,3,33,11,3,3,0,0,
2009,220,SUM,3,33,11,3,3,0,0,
2009,230,R,4,38,10,4,4,0,0,
2009,230,SUM,4,38,10,4,4,0,0,
2009,240,R,5,67,13,2,2,0,0,
2009,240,SUM,5,67,13,2,2,0,0,
2009,250,R,5,84,17,4,4,0,0,
2009,250,SUM,5,84,17,4,4,0,0,
2009,261,R,2,51,26,2,2,0,0,
2009,261,SUM,2,51,26,2,2,0,0,
2009,270,N,1,5,5,1,1,0,0,
2009,270,R,9,153,17,6,6,0,0,
2009,270,SUM,10,158,16,7,7,0,0,
2009,280,N,1,3,3,1,1,0,0,
2009,280,R,1,7,7,1,1,0,0,
2009,280,SUM,2,10,5,2,2,0,0,
2009,285,R,2,20,10,0,0,0,0,
2009,285,SUM,2,20,10,0,0,0,0,
2009,291,R,3,17,6,3,3,0,0,
2009,291,SUM,3,17,6,3,3,0,0,
2009,292,R,6,126,21,2,2,0,0,
2009,292,SUM,6,126,21,2,2,0,0,
2009,293,R,2,30,15,2,2,0,0,
2009,293,SUM,2,30,15,2,2,0,0,
2009,300,N,0,0,0,0,0,0,0,
2009,300,R,14,86,6,14,7,7,0,
2009,300,SUM,14,86,6,14,7,7,0,
2009,301,R,8,99,12,7,4,3,0,
2009,301,SUM,8,99,12,7,4,3,0,
2009,302,R,3,10,3,3,2,1,0,
2009,302,SUM,3,10,3,3,2,1,0,
2009,303,R,6,51,9,5,3,2,0,
2009,303,SUM,6,51,9,5,3,2,0,
2009,304,R,4,31,8,4,4,0,0,
2009,304,SUM,4,31,8,4,4,0,0,
2009,306,R,3,28,9,1,1,0,0,
2009,306,SUM,3,28,9,1,1,0,0,
2009,307,R,1,20,20,1,1,0,0,
2009,307,SUM,1,20,20,1,1,0,0,
2009,308,R,4,29,7,2,2,0,0,
2009,308,SUM,4,29,7,2,2,0,0,
2009,309,R,3,23,8,2,2,0,0,
2009,309,SUM,3,23,8,2,2,0,0,
2009,310,R,1,3,3,1,1,0,0,
2009,310,SUM,1,3,3,1,1,0,0,
2009,311,N,1,7,7,0,0,0,0,
2009,311,R,6,44,7,2,2,0,0,
2009,311,SUM,7,51,7,2,2,0,0,
2009,312,R,5,56,11,5,5,0,0,
2009,312,SUM,5,56,11,5,5,0,0,
2009,313,R,5,50,10,4,4,0,0,
2009,313,SUM,5,50,10,4,4,0,0,
2009,314,R,5,31,7,1,1,0,0,
2009,314,SUM,5,31,7,1,1,0,0,
2009,315,R,6,35,6,4,4,0,0,
2009,315,SUM,6,35,6,4,4,0,0,
2009,316,R,2,40,20,0,0,0,0,
2009,316,SUM,2,40,20,0,0,0,0,
2009,317,R,0,0,0,0,0,0,0,
2009,317,SUM,0,0,0,0,0,0,0,
2009,318,R,2,8,4,2,2,0,0,
2009,318,SUM,2,8,4,2,2,0,0,
2009,319,R,3,44,15,2,1,1,0,
2009,319,SUM,3,44,15,2,1,1,0,
2009,320,R,6,27,5,6,3,3,0,
2009,320,SUM,6,27,5,6,3,3,0,
2009,321,R,1,12,12,0,0,0,0,
2009,321,SUM,1,12,12,0,0,0,0,
2009,322,R,2,22,11,2,2,0,0,
2009,322,SUM,2,22,11,2,2,0,0,
2009,323,R,18,146,8,13,7,6,0,
2009,323,SUM,18,146,8,13,7,6,0,
2009,324,R,10,79,8,8,5,3,0,
2009,324,SUM,10,79,8,8,5,3,0,
2009,325,R,8,99,12,6,3,3,0,
2009,325,SUM,8,99,12,6,3,3,0,
2009,326,R,10,87,9,5,2,3,0,
2009,326,SUM,10,87,9,5,2,3,0,
2009,327,R,12,90,8,8,7,1,0,
2009,327,SUM,12,90,8,8,7,1,0,
2009,328,R,1,15,15,0,0,0,0,
2009,328,SUM,1,15,15,0,0,0,0,
2009,329,R,5,45,9,4,4,0,0,
2009,329,SUM,5,45,9,4,4,0,0,
2009,330,R,5,33,7,3,1,2,0,
2009,330,SUM,5,33,7,3,1,2,0,
2009,331,N,1,14,14,0,0,0,0,
2009,331,R,11,50,5,9,7,2,0,
2009,331,SUM,12,64,5,9,7,2,0,
2009,332,N,0,0,0,0,0,0,0,
2009,332,R,10,81,8,8,7,0,0,
2009,332,SUM,10,81,8,8,7,0,0,
2009,333,R,3,42,14,2,2,0,0,
2009,333,SUM,3,42,14,2,2,0,0,
2009,334,R,8,29,4,7,5,2,0,
2009,334,SUM,8,29,4,7,5,2,0,
2009,335,R,0,0,0,0,0,0,0,
2009,335,SUM,0,0,0,0,0,0,0,
2009,340,R,12,167,14,4,4,0,0,
2009,340,SUM,12,167,14,4,4,0,0,
2009,341,R,6,73,12,3,3,0,0,
2009,341,SUM,6,73,12,3,3,0,0,
2009,350,R,4,56,14,3,3,0,0,
2009,350,SUM,4,56,14,3,3,0,0,
2009,360,R,5,38,8,3,3,0,0,
2009,360,SUM,5,38,8,3,3,0,0,
2009,361,R,5,44,9,3,3,0,0,
2009,361,SUM,5,44,9,3,3,0,0,
2009,362,R,3,75,25,2,2,0,0,
2009,362,SUM,3,75,25,2,2,0,0,
2009,380,R,7,47,7,6,4,1,1,
2009,380,SUM,7,47,7,6,4,1,1,
2009,382,R,3,26,9,2,2,0,0,
2009,382,SUM,3,26,9,2,2,0,0,
2009,390,R,2,42,21,1,1,0,0,
2009,390,SUM,2,42,21,1,1,0,0,
2009,415,R,3,65,22,2,2,0,0,
2009,415,SUM,3,65,22,2,2,0,0,
2009,494,R,6,112,19,4,4,0,0,
2009,494,SUM,6,112,19,4,4,0,0,
2009,496,R,4,36,9,1,1,0,0,
2009,496,SUM,4,36,9,1,1,0,0,
2009,513,R,3,11,4,3,3,0,0,
2009,513,SUM,3,11,4,3,3,0,0,
2009,514,R,4,73,18,3,3,0,0,
2009,514,SUM,4,73,18,3,3,0,0,
2009,515,R,0,0,0,0,0,0,0,
2009,515,SUM,0,0,0,0,0,0,0,
2009,516,R,3,20,7,2,2,0,0,
2009,516,SUM,3,20,7,2,2,0,0,
2009,600,R,2,2,1,2,2,0,0,
2009,600,SUM,2,2,1,2,2,0,0,
2009,Reg_1,N,5,42,8,4,3,0,1,
2009,Reg_1,R,154,1758,12,125,102,8,1,
2009,Reg_1,SUM,159,1800,12,129,105,8,2,
2009,Reg_2,N,2,8,4,2,2,0,0,
2009,Reg_2,R,65,912,14,47,47,0,0,
2009,Reg_2,SUM,67,920,14,49,49,0,0,
2009,Reg_3,N,2,21,11,0,0,0,0,
2009,Reg_3,R,237,2112,9,165,123,40,1,
2009,Reg_3,SUM,239,2133,9,165,123,40,1,
2009,Reg_4,R,13,212,16,6,6,0,0,
2009,Reg_4,SUM,13,212,16,6,6,0,0,
2009,Reg_5,R,10,104,10,8,8,0,0,
2009,Reg_5,SUM,10,104,10,8,8,0,0,
2009,Reg_6,R,2,2,1,2,2,0,0,
2009,Reg_6,SUM,2,2,1,2,2,0,0,
2009,State,R,482,5100,11,353,288,49,2,
2009,State,SUM,492,5183,11,359,293,49,3,
2010,100,N,1,7,7,0,0,0,0,
2010,100,R,11,161,15,5,5,0,0,
2010,100,SUM,12,168,14,5,5,0,0,
2010,101,N,1,10,10,1,1,0,0,
2010,101,R,11,169,15,8,7,1,0,
2010,101,SUM,12,179,15,9,8,1,0,
2010,102,N,1,3,3,1,1,0,0,
2010,102,R,13,99,8,13,13,0,0,
2010,102,SUM,14,102,7,14,14,0,0,
2010,103,R,3,42,14,2,1,1,0,
2010,103,SUM,3,42,14,2,1,1,0,
2010,104,R,5,128,26,4,3,1,0,
2010,104,SUM,5,128,26,4,3,1,0,
2010,105,N,2,19,10,2,2,0,0,
2010,105,R,18,176,10,17,16,1,0,
2010,105,SUM,20,195,10,19,18,1,0,
2010,106,R,12,203,17,11,10,1,0,
2010,106,SUM,12,203,17,11,10,1,0,
2010,110,N,1,6,6,0,0,0,0,
2010,110,R,11,261,24,9,8,1,0,
2010,110,SUM,12,267,22,9,8,1,0,
2010,111,R,10,120,12,9,8,1,0,
2010,111,SUM,10,120,12,9,8,1,0,
2010,112,R,2,10,5,2,2,0,0,
2010,112,SUM,2,10,5,2,2,0,0,
2010,121,N,1,8,8,0,0,0,0,
2010,121,R,3,58,19,2,1,1,0,
2010,121,SUM,4,66,17,2,1,1,0,
2010,122,R,6,77,13,4,4,0,0,
2010,122,SUM,6,77,13,4,4,0,0,
2010,125,R,3,50,17,3,3,0,0,
2010,125,SUM,3,50,17,3,3,0,0,
2010,126,R,1,12,12,1,1,0,0,
2010,126,SUM,1,12,12,1,1,0,0,
2010,130,R,1,12,12,0,0,0,0,
2010,130,SUM,1,12,12,0,0,0,0,
2010,140,R,2,34,17,1,1,0,0,
2010,140,SUM,2,34,17,1,1,0,0,
2010,141,R,2,26,13,2,2,0,0,
2010,141,SUM,2,26,13,2,2,0,0,
2010,150,R,1,2,2,1,1,0,0,
2010,150,SUM,1,2,2,1,1,0,0,
2010,210,R,4,28,7,4,4,0,0,
2010,210,SUM,4,28,7,4,4,0,0,
2010,211,R,2,42,21,2,2,0,0,
2010,211,SUM,2,42,21,2,2,0,0,
2010,212,R,3,23,8,3,3,0,0,
2010,212,SUM,3,23,8,3,3,0,0,
2010,214,R,1,6,6,0,0,0,0,
2010,214,SUM,1,6,6,0,0,0,0,
2010,215,R,2,32,16,1,1,0,0,
2010,215,SUM,2,32,16,1,1,0,0,
2010,220,R,3,82,27,2,2,0,0,
2010,220,SUM,3,82,27,2,2,0,0,
2010,230,R,4,36,9,4,4,0,0,
2010,230,SUM,4,36,9,4,4,0,0,
2010,240,R,4,67,17,1,1,0,0,
2010,240,SUM,4,67,17,1,1,0,0,
2010,250,R,3,3,1,3,3,0,0,
2010,250,SUM,3,3,1,3,3,0,0,
2010,261,R,2,35,18,1,1,0,0,
2010,261,SUM,2,35,18,1,1,0,0,
2010,270,R,3,27,9,2,2,0,0,
2010,270,SUM,3,27,9,2,2,0,0,
2010,280,R,2,14,7,2,2,0,0,
2010,280,SUM,2,14,7,2,2,0,0,
2010,285,R,0,0,0,0,0,0,0,
2010,285,SUM,0,0,0,0,0,0,0,
2010,291,R,2,14,7,0,0,0,0,
2010,291,SUM,2,14,7,0,0,0,0,
2010,292,R,3,45,15,3,3,0,0,
2010,292,SUM,3,45,15,3,3,0,0,
2010,293,R,2,21,11,2,2,0,0,
2010,293,SUM,2,21,11,2,2,0,0,
2010,300,R,13,80,6,13,8,4,1,
2010,300,SUM,13,80,6,13,8,4,1,
2010,301,R,8,36,4,6,4,2,0,
2010,301,SUM,8,36,4,6,4,2,0,
2010,302,R,3,16,5,1,1,0,0,
2010,302,SUM,3,16,5,1,1,0,0,
2010,303,R,8,76,10,4,3,1,0,
2010,303,SUM,8,76,10,4,3,1,0,
2010,304,R,2,4,2,0,0,0,0,
2010,304,SUM,2,4,2,0,0,0,0,
2010,308,R,4,26,7,3,3,0,0,
2010,308,SUM,4,26,7,3,3,0,0,
2010,309,R,3,37,12,2,2,0,0,
2010,309,SUM,3,37,12,2,2,0,0,
2010,311,R,7,92,13,3,3,0,0,
2010,311,SUM,7,92,13,3,3,0,0,
2010,312,R,3,30,10,3,3,0,0,
2010,312,SUM,3,30,10,3,3,0,0,
2010,313,N,1,10,10,1,1,0,0,
2010,313,R,4,55,14,4,4,0,0,
2010,313,SUM,5,65,13,5,5,0,0,
2010,314,N,0,0,0,0,0,0,0,
2010,314,R,4,21,6,1,1,0,0,
2010,314,SUM,4,21,6,1,1,0,0,
2010,315,R,6,120,20,5,5,0,0,
2010,315,SUM,6,120,20,5,5,0,0,
2010,319,R,3,12,4,2,2,0,0,
2010,319,SUM,3,12,4,2,2,0,0,
2010,320,R,5,20,4,4,3,1,0,
2010,320,SUM,5,20,4,4,3,1,0,
2010,322,N,1,10,10,1,1,0,0,
2010,322,R,1,6,6,0,0,0,0,
2010,322,SUM,2,16,8,1,1,0,0,
2010,323,R,10,80,8,5,4,1,0,
2010,323,SUM,10,80,8,5,4,1,0,
2010,324,N,1,3,3,1,1,0,0,
2010,324,R,8,53,7,6,4,1,1,
2010,324,SUM,9,56,6,7,5,1,1,
2010,325,R,4,56,14,2,1,1,0,
2010,325,SUM,4,56,14,2,1,1,0,
2010,326,R,3,16,5,2,2,0,0,
2010,326,SUM,3,16,5,2,2,0,0,
2010,327,R,5,49,10,3,2,1,0,
2010,327,SUM,5,49,10,3,2,1,0,
2010,329,R,5,48,10,4,4,0,0,
2010,329,SUM,5,48,10,4,4,0,0,
2010,330,R,5,60,12,5,3,2,0,
2010,330,SUM,5,60,12,5,3,2,0,
2010,331,R,13,57,4,12,8,3,1,
2010,331,SUM,13,57,4,12,8,3,1,
2010,332,R,12,64,5,12,8,4,0,
2010,332,SUM,12,64,5,12,8,4,0,
2010,333,R,3,12,4,3,2,1,0,
2010,333,SUM,3,12,4,3,2,1,0,
2010,334,R,11,60,5,11,5,5,2,
2010,334,SUM,11,60,5,11,5,5,2,
2010,335,R,3,50,17,2,2,0,0,
2010,335,SUM,3,50,17,2,2,0,0,
2010,340,R,3,6,2,2,1,1,0,
2010,340,SUM,3,6,2,2,1,1,0,
2010,341,R,3,31,10,2,2,0,0,
2010,341,SUM,3,31,10,2,2,0,0,
2010,350,R,4,89,22,3,2,1,0,
2010,350,SUM,4,89,22,3,2,1,0,
2010,360,R,5,29,6,3,3,0,0,
2010,360,SUM,5,29,6,3,3,0,0,
2010,361,R,5,21,4,5,5,0,0,
2010,361,SUM,5,21,4,5,5,0,0,
2010,362,R,3,150,50,2,2,0,0,
2010,362,SUM,3,150,50,2,2,0,0,
2010,380,R,7,88,13,6,4,2,0,
2010,380,SUM,7,88,13,6,4,2,0,
2010,382,R,3,36,12,1,1,0,0,
2010,382,SUM,3,36,12,1,1,0,0,
2010,390,R,2,16,8,2,2,0,0,
2010,390,SUM,2,16,8,2,2,0,0,
2010,415,R,2,33,17,1,1,0,0,
2010,415,SUM,2,33,17,1,1,0,0,
2010,494,R,6,51,9,6,6,0,0,
2010,494,SUM,6,51,9,6,6,0,0,
2010,496,R,4,58,15,2,2,0,0,
2010,496,SUM,4,58,15,2,2,0,0,
2010,513,R,3,49,16,2,2,0,0,
2010,513,SUM,3,49,16,2,2,0,0,
2010,514,N,1,7,7,1,1,0,0,
2010,514,R,3,78,26,3,3,0,0,
2010,514,SUM,4,85,21,4,4,0,0,
2010,516,R,3,26,9,3,3,0,0,
2010,516,SUM,3,26,9,3,3,0,0,
2010,600,R,2,9,5,2,1,1,0,
2010,600,SUM,2,9,5,2,1,1,0,
2010,Reg_1,N,7,53,8,4,4,0,0,
2010,Reg_1,R,115,1639,14,94,85,9,0,
2010,Reg_1,SUM,122,1692,14,98,89,9,0,
2010,Reg_2,R,40,475,12,30,30,0,0,
2010,Reg_2,SUM,40,475,12,30,30,0,0,
2010,Reg_3,N,3,23,8,3,3,0,0,
2010,Reg_3,R,191,1699,9,141,107,30,5,
2010,Reg_3,SUM,194,1722,9,144,110,30,5,
2010,Reg_4,R,12,142,12,9,9,0,0,
2010,Reg_4,SUM,12,142,12,9,9,0,0,
2010,Reg_5,N,1,7,7,1,1,0,0,
2010,Reg_5,R,9,153,17,8,8,0,0,
2010,Reg_5,SUM,10,160,16,9,9,0,0,
2010,Reg_6,R,2,9,5,2,1,1,0,
2010,Reg_6,SUM,2,9,5,2,1,1,0,
2010,State,N,11,83,8,8,8,0,0,
2010,State,R,370,4121,11,284,240,39,5,
2010,State,SUM,381,4204,11,292,248,39,5,
2011,100,N,0,0,0,0,0,0,0,
2011,100,R,11,191,17,6,4,2,0,
2011,100,SUM,11,191,17,6,4,2,0,
2011,101,N,1,17,17,0,0,0,0,
2011,101,R,11,111,10,10,10,0,0,
2011,101,SUM,12,128,11,10,10,0,0,
2011,102,N,1,9,9,1,1,0,0,
2011,102,R,12,138,12,12,11,1,0,
2011,102,SUM,13,147,12,13,12,1,0,
2011,103,R,3,12,4,3,3,0,0,
2011,103,SUM,3,12,4,3,3,0,0,
2011,104,R,5,87,17,2,1,1,0,
2011,104,SUM,5,87,17,2,1,1,0,
2011,105,N,2,15,8,1,1,0,0,
2011,105,R,18,257,14,14,9,3,1,
2011,105,SUM,20,272,14,15,10,3,1,
2011,106,R,12,147,12,9,8,1,0,
2011,106,SUM,12,147,12,9,8,1,0,
2011,110,R,12,172,14,12,12,0,0,
2011,110,SUM,12,172,14,12,12,0,0,
2011,111,N,1,4,4,0,0,0,0,
2011,111,R,9,63,7,8,7,1,0,
2011,111,SUM,10,67,7,8,7,1,0,
2011,112,R,3,15,5,3,3,0,0,
2011,112,SUM,3,15,5,3,3,0,0,
2011,121,R,4,16,4,4,4,0,0,
2011,121,SUM,4,16,4,4,4,0,0,
2011,122,R,4,33,8,4,4,0,0,
2011,122,SUM,4,33,8,4,4,0,0,
2011,125,R,3,15,5,3,3,0,0,
2011,125,SUM,3,15,5,3,3,0,0,
2011,126,R,1,12,12,1,1,0,0,
2011,126,SUM,1,12,12,1,1,0,0,
2011,130,R,1,11,11,1,1,0,0,
2011,130,SUM,1,11,11,1,1,0,0,
2011,140,R,2,23,12,1,1,0,0,
2011,140,SUM,2,23,12,1,1,0,0,
2011,141,R,2,28,14,1,1,0,0,
2011,141,SUM,2,28,14,1,1,0,0,
2011,150,R,1,28,28,1,1,0,0,
2011,150,SUM,1,28,28,1,1,0,0,
2011,210,R,4,40,10,3,3,0,0,
2011,210,SUM,4,40,10,3,3,0,0,
2011,211,R,2,12,6,2,2,0,0,
2011,211,SUM,2,12,6,2,2,0,0,
2011,212,R,4,89,22,4,4,0,0,
2011,212,SUM,4,89,22,4,4,0,0,
2011,214,R,1,21,21,1,1,0,0,
2011,214,SUM,1,21,21,1,1,0,0,
2011,215,R,2,75,38,1,1,0,0,
2011,215,SUM,2,75,38,1,1,0,0,
2011,220,N,1,9,9,1,1,0,0,
2011,220,R,2,37,19,2,2,0,0,
2011,220,SUM,3,46,15,3,3,0,0,
2011,230,R,4,68,17,3,3,0,0,
2011,230,SUM,4,68,17,3,3,0,0,
2011,240,R,3,90,30,2,2,0,0,
2011,240,SUM,3,90,30,2,2,0,0,
2011,250,R,3,20,7,0,0,0,0,
2011,250,SUM,3,20,7,0,0,0,0,
2011,261,R,2,94,47,2,2,0,0,
2011,261,SUM,2,94,47,2,2,0,0,
2011,270,R,3,44,15,2,2,0,0,
2011,270,SUM,3,44,15,2,2,0,0,
2011,280,R,2,20,10,2,2,0,0,
2011,280,SUM,2,20,10,2,2,0,0,
2011,285,R,2,45,23,2,2,0,0,
2011,285,SUM,2,45,23,2,2,0,0,
2011,291,R,1,20,20,0,0,0,0,
2011,291,SUM,1,20,20,0,0,0,0,
2011,292,R,0,0,0,0,0,0,0,
2011,292,SUM,0,0,0,0,0,0,0,
2011,293,R,2,18,9,2,2,0,0,
2011,293,SUM,2,18,9,2,2,0,0,
2011,300,R,15,164,11,15,8,5,2,
2011,300,SUM,15,164,11,15,8,5,2,
2011,301,R,8,16,2,7,5,2,0,
2011,301,SUM,8,16,2,7,5,2,0,
2011,302,R,3,61,20,2,2,0,0,
2011,302,SUM,3,61,20,2,2,0,0,
2011,303,R,8,116,15,7,5,0,2,
2011,303,SUM,8,116,15,7,5,0,2,
2011,304,R,4,78,20,2,2,0,0,
2011,304,SUM,4,78,20,2,2,0,0,
2011,308,R,4,39,10,1,1,0,0,
2011,308,SUM,4,39,10,1,1,0,0,
2011,309,R,2,35,18,2,1,0,1,
2011,309,SUM,2,35,18,2,1,0,1,
2011,311,R,5,49,10,2,2,0,0,
2011,311,SUM,5,49,10,2,2,0,0,
2011,312,R,3,38,13,3,3,0,0,
2011,312,SUM,3,38,13,3,3,0,0,
2011,313,R,5,39,8,4,4,0,0,
2011,313,SUM,5,39,8,4,4,0,0,
2011,314,R,6,91,15,4,4,0,0,
2011,314,SUM,6,91,15,4,4,0,0,
2011,315,R,6,65,11,4,4,0,0,
2011,315,SUM,6,65,11,4,4,0,0,
2011,319,R,2,48,24,1,1,0,0,
2011,319,SUM,2,48,24,1,1,0,0,
2011,320,R,6,40,7,6,3,3,0,
2011,320,SUM,6,40,7,6,3,3,0,
2011,322,R,2,15,8,1,1,0,0,
2011,322,SUM,2,15,8,1,1,0,0,
2011,323,R,11,158,14,8,4,4,0,
2011,323,SUM,11,158,14,8,4,4,0,
2011,324,R,9,88,10,8,6,2,0,
2011,324,SUM,9,88,10,8,6,2,0,
2011,325,R,3,18,6,2,1,1,0,
2011,325,SUM,3,18,6,2,1,1,0,
2011,326,R,2,40,20,1,1,0,0,
2011,326,SUM,2,40,20,1,1,0,0,
2011,327,R,2,14,7,2,2,0,0,
2011,327,SUM,2,14,7,2,2,0,0,
2011,329,N,1,5,5,1,1,0,0,
2011,329,R,4,64,16,1,1,0,0,
2011,329,SUM,5,69,14,2,2,0,0,
2011,330,N,1,2,2,1,1,0,0,
2011,330,R,4,16,4,4,2,2,0,
2011,330,SUM,5,18,4,5,3,2,0,
2011,331,R,13,94,7,8,4,4,0,
2011,331,SUM,13,94,7,8,4,4,0,
2011,332,N,0,0,0,0,0,0,0,
2011,332,R,12,46,4,12,8,4,0,
2011,332,SUM,12,46,4,12,8,4,0,
2011,333,R,3,12,4,3,2,1,0,
2011,333,SUM,3,12,4,3,2,1,0,
2011,334,R,9,34,4,7,4,3,0,
2011,334,SUM,9,34,4,7,4,3,0,
2011,335,R,3,3,1,3,3,0,0,
2011,335,SUM,3,3,1,3,3,0,0,
2011,340,R,3,36,12,3,2,1,0,
2011,340,SUM,3,36,12,3,2,1,0,
2011,341,R,3,16,5,3,2,1,0,
2011,341,SUM,3,16,5,3,2,1,0,
2011,350,R,4,85,21,2,2,0,0,
2011,350,SUM,4,85,21,2,2,0,0,
2011,360,R,5,79,16,4,4,0,0,
2011,360,SUM,5,79,16,4,4,0,0,
2011,361,R,5,98,20,4,4,0,0,
2011,361,SUM,5,98,20,4,4,0,0,
2011,362,R,2,13,7,1,1,0,0,
2011,362,SUM,2,13,7,1,1,0,0,
2011,380,R,4,26,7,4,4,0,0,
2011,380,SUM,4,26,7,4,4,0,0,
2011,382,R,3,9,3,3,3,0,0,
2011,382,SUM,3,9,3,3,3,0,0,
2011,390,R,2,18,9,2,2,0,0,
2011,390,SUM,2,18,9,2,2,0,0,
2011,415,R,3,31,10,2,2,0,0,
2011,415,SUM,3,31,10,2,2,0,0,
2011,494,R,6,81,14,3,3,0,0,
2011,494,SUM,6,81,14,3,3,0,0,
2011,496,R,4,48,12,4,4,0,0,
2011,496,SUM,4,48,12,4,4,0,0,
2011,513,R,3,36,12,3,3,0,0,
2011,513,SUM,3,36,12,3,3,0,0,
2011,514,R,4,26,7,4,4,0,0,
2011,514,SUM,4,26,7,4,4,0,0,
2011,516,N,1,18,18,0,0,0,0,
2011,516,R,2,8,4,2,2,0,0,
2011,516,SUM,3,26,9,2,2,0,0,
2011,600,R,2,9,5,2,2,0,0,
2011,600,SUM,2,9,5,2,2,0,0,
2011,Reg_1,N,5,45,9,2,2,0,0,
2011,Reg_1,R,114,1358,12,94,83,11,1,
2011,Reg_1,SUM,119,1403,12,96,85,11,1,
2011,Reg_2,N,1,9,9,1,1,0,0,
2011,Reg_2,R,37,693,19,27,27,0,0,
2011,Reg_2,SUM,38,702,19,28,28,0,0,
2011,Reg_3,N,2,7,4,2,2,0,0,
2011,Reg_3,R,184,1860,10,144,107,32,5,
2011,Reg_3,SUM,186,1867,10,146,109,32,5,
2011,Reg_4,R,13,160,12,9,9,0,0,
2011,Reg_4,SUM,13,160,12,9,9,0,0,
2011,Reg_5,N,1,18,18,0,0,0,0,
2011,Reg_5,R,9,70,8,9,9,0,0,
2011,Reg_5,SUM,10,88,9,9,9,0,0,
2011,Reg_6,R,2,9,5,2,2,0,0,
2011,Reg_6,SUM,2,9,5,2,2,0,0,
2011,State,N,9,79,9,5,5,0,0,
2011,State,R,360,4177,12,286,237,42,7,
2011,State,SUM,369,4256,12,291,242,42,7,
2012,100,N,1,7,7,1,1,0,0,
2012,100,R,11,130,12,7,7,0,0,
2012,100,SUM,12,137,11,8,8,0,0,
2012,101,N,1,11,11,0,0,0,0,
2012,101,R,11,189,17,9,9,0,0,
2012,101,SUM,12,200,17,9,9,0,0,
2012,102,N,1,4,4,0,0,0,0,
2012,102,R,13,94,7,9,9,0,0,
2012,102,SUM,14,98,7,9,9,0,0,
2012,103,R,3,54,18,3,3,0,0,
2012,103,SUM,3,54,18,3,3,0,0,
2012,104,R,5,108,22,3,3,0,0,
2012,104,SUM,5,108,22,3,3,0,0,
2012,105,N,2,25,13,2,2,0,0,
2012,105,R,17,244,15,16,16,0,0,
2012,105,SUM,19,269,14,18,18,0,0,
2012,106,R,12,194,16,8,8,0,0,
2012,106,SUM,12,194,16,8,8,0,0,
2012,110,R,12,199,17,8,8,0,0,
2012,110,SUM,12,199,17,8,8,0,0,
2012,111,R,10,111,11,8,8,0,0,
2012,111,SUM,10,111,11,8,8,0,0,
2012,112,R,3,52,17,2,2,0,0,
2012,112,SUM,3,52,17,2,2,0,0,
2012,121,R,4,36,9,3,3,0,0,
2012,121,SUM,4,36,9,3,3,0,0,
2012,122,R,4,58,15,2,2,0,0,
2012,122,SUM,4,58,15,2,2,0,0,
2012,125,R,3,43,14,3,3,0,0,
2012,125,SUM,3,43,14,3,3,0,0,
2012,126,R,1,15,15,1,1,0,0,
2012,126,SUM,1,15,15,1,1,0,0,
2012,140,R,2,19,10,2,2,0,0,
2012,140,SUM,2,19,10,2,2,0,0,
2012,141,R,2,14,7,2,2,0,0,
2012,141,SUM,2,14,7,2,2,0,0,
2012,150,R,0,0,0,0,0,0,0,
2012,150,SUM,0,0,0,0,0,0,0,
2012,210,R,3,22,7,3,3,0,0,
2012,210,SUM,3,22,7,3,3,0,0,
2012,211,R,2,23,12,2,2,0,0,
2012,211,SUM,2,23,12,2,2,0,0,
2012,212,R,4,19,5,2,2,0,0,
2012,212,SUM,4,19,5,2,2,0,0,
2012,214,R,1,15,15,1,1,0,0,
2012,214,SUM,1,15,15,1,1,0,0,
2012,215,R,2,4,2,2,2,0,0,
2012,215,SUM,2,4,2,2,2,0,0,
2012,220,R,3,41,14,3,3,0,0,
2012,220,SUM,3,41,14,3,3,0,0,
2012,230,R,4,90,23,4,4,0,0,
2012,230,SUM,4,90,23,4,4,0,0,
2012,240,N,1,20,20,1,1,0,0,
2012,240,R,2,8,4,0,0,0,0,
2012,240,SUM,3,28,9,1,1,0,0,
2012,250,N,1,3,3,1,1,0,0,
2012,250,R,2,10,5,1,1,0,0,
2012,250,SUM,3,13,4,2,2,0,0,
2012,261,R,2,16,8,2,2,0,0,
2012,261,SUM,2,16,8,2,2,0,0,
2012,270,R,3,53,18,3,3,0,0,
2012,270,SUM,3,53,18,3,3,0,0,
2012,280,R,2,26,13,0,0,0,0,
2012,280,SUM,2,26,13,0,0,0,0,
2012,285,R,2,26,13,1,1,0,0,
2012,285,SUM,2,26,13,1,1,0,0,
2012,291,R,2,60,30,2,2,0,0,
2012,291,SUM,2,60,30,2,2,0,0,
2012,292,R,3,48,16,2,2,0,0,
2012,292,SUM,3,48,16,2,2,0,0,
2012,293,R,2,12,6,2,2,0,0,
2012,293,SUM,2,12,6,2,2,0,0,
2012,300,N,1,5,5,1,1,0,0,
2012,300,R,14,62,4,13,7,5,1,
2012,300,SUM,15,67,4,14,8,5,1,
2012,301,N,0,0,0,0,0,0,0,
2012,301,R,7,85,12,6,4,2,0,
2012,301,SUM,7,85,12,6,4,2,0,
2012,302,N,1,5,5,1,1,0,0,
2012,302,R,1,10,10,0,0,0,0,
2012,302,SUM,2,15,8,1,1,0,0,
2012,303,R,4,17,4,2,2,0,0,
2012,303,SUM,4,17,4,2,2,0,0,
2012,304,R,4,51,13,1,1,0,0,
2012,304,SUM,4,51,13,1,1,0,0,
2012,306,R,1,8,8,1,1,0,0,
2012,306,SUM,1,8,8,1,1,0,0,
2012,308,R,2,26,13,0,0,0,0,
2012,308,SUM,2,26,13,0,0,0,0,
2012,309,R,3,15,5,3,3,0,0,
2012,309,SUM,3,15,5,3,3,0,0,
2012,311,R,5,50,10,3,3,0,0,
2012,311,SUM,5,50,10,3,3,0,0,
2012,312,R,3,23,8,3,3,0,0,
2012,312,SUM,3,23,8,3,3,0,0,
2012,313,R,5,63,13,1,1,0,0,
2012,313,SUM,5,63,13,1,1,0,0,
2012,314,R,2,13,7,2,2,0,0,
2012,314,SUM,2,13,7,2,2,0,0,
2012,315,R,2,42,21,2,2,0,0,
2012,315,SUM,2,42,21,2,2,0,0,
2012,319,R,2,34,17,0,0,0,0,
2012,319,SUM,2,34,17,0,0,0,0,
2012,320,R,7,43,6,6,3,3,0,
2012,320,SUM,7,43,6,6,3,3,0,
2012,322,R,1,15,15,1,1,0,0,
2012,322,SUM,1,15,15,1,1,0,0,
2012,323,R,11,95,9,10,7,3,0,
2012,323,SUM,11,95,9,10,7,3,0,
2012,324,R,9,119,13,8,6,2,0,
2012,324,SUM,9,119,13,8,6,2,0,
2012,325,R,2,6,3,2,2,0,0,
2012,325,SUM,2,6,3,2,2,0,0,
2012,326,R,2,19,10,2,2,0,0,
2012,326,SUM,2,19,10,2,2,0,0,
2012,327,R,3,12,4,3,3,0,0,
2012,327,SUM,3,12,4,3,3,0,0,
2012,329,R,2,8,4,2,2,0,0,
2012,329,SUM,2,8,4,2,2,0,0,
2012,330,R,5,13,3,5,3,2,0,
2012,330,SUM,5,13,3,5,3,2,0,
2012,331,R,12,87,7,11,7,4,0,
2012,331,SUM,12,87,7,11,7,4,0,
2012,332,R,12,107,9,12,8,4,0,
2012,332,SUM,12,107,9,12,8,4,0,
2012,333,R,3,35,12,3,2,1,0,
2012,333,SUM,3,35,12,3,2,1,0,
2012,334,R,11,27,3,11,5,6,0,
2012,334,SUM,11,27,3,11,5,6,0,
2012,335,R,3,13,4,3,3,0,0,
2012,335,SUM,3,13,4,3,3,0,0,
2012,340,R,2,15,8,2,2,0,0,
2012,340,SUM,2,15,8,2,2,0,0,
2012,341,R,2,4,2,2,2,0,0,
2012,341,SUM,2,4,2,2,2,0,0,
2012,350,R,3,180,60,3,3,0,0,
2012,350,SUM,3,180,60,3,3,0,0,
2012,360,R,2,68,34,1,1,0,0,
2012,360,SUM,2,68,34,1,1,0,0,
2012,361,N,1,5,5,0,0,0,0,
2012,361,R,4,14,4,4,4,0,0,
2012,361,SUM,5,19,4,4,4,0,0,
2012,362,R,3,37,12,1,1,0,0,
2012,362,SUM,3,37,12,1,1,0,0,
2012,380,R,7,108,15,6,5,1,0,
2012,380,SUM,7,108,15,6,5,1,0,
2012,382,R,3,43,14,3,3,0,0,
2012,382,SUM,3,43,14,3,3,0,0,
2012,390,R,1,3,3,1,1,0,0,
2012,390,SUM,1,3,3,1,1,0,0,
2012,415,R,2,20,13,2,2,0,0,
2012,415,SUM,2,20,13,2,2,0,0,
2012,494,R,5,68,14,4,2,1,0,
2012,494,SUM,5,68,14,4,2,1,0,
2012,496,R,4,80,20,0,0,0,0,
2012,496,SUM,4,80,20,0,0,0,0,
2012,513,R,3,26,9,2,2,0,0,
2012,513,SUM,3,26,9,2,2,0,0,
2012,514,R,4,27,7,4,4,0,0,
2012,514,SUM,4,27,7,4,4,0,0,
2012,516,R,1,4,4,1,1,0,0,
2012,516,SUM,1,4,4,1,1,0,0,
2012,600,R,2,10,5,2,2,0,0,
2012,600,SUM,2,10,5,2,2,0,0,
2012,Reg_1,N,5,47,9,3,3,0,0,
2012,Reg_1,R,113,1560,14,86,86,0,0,
2012,Reg_1,SUM,118,1607,14,89,89,0,0,
2012,Reg_2,N,2,23,12,2,2,0,0,
2012,Reg_2,R,39,473,12,30,30,0,0,
2012,Reg_2,SUM,41,496,12,32,32,0,0,
2012,Reg_3,N,3,15,5,2,2,0,0,
2012,Reg_3,R,165,1568,10,137,105,31,1,
2012,Reg_3,SUM,168,1583,9,139,107,31,1,
2012,Reg_4,R,10,168,16,5,4,1,0,
2012,Reg_4,SUM,10,168,16,5,4,1,0,
2012,Reg_5,R,8,57,7,7,7,0,0,
2012,Reg_5,SUM,8,57,7,7,7,0,0,
2012,Reg_6,R,2,10,5,2,2,0,0,
2012,Reg_6,SUM,2,10,5,2,2,0,0,
2012,State,N,10,85,9,7,7,0,0,
2012,State,R,337,3835,11,267,234,33,1,
2012,State,SUM,347,3920,11,274,241,33,1,
2013,100,N,1,3,3,1,1,0,0,
2013,100,R,11,151,14,4,4,0,0,
2013,100,SUM,12,154,13,5,5,0,0,
2013,101,N,1,10,10,0,0,0,0,
2013,101,R,11,113,10,7,7,0,0,
2013,101,SUM,12,123,10,7,7,0,0,
2013,102,N,0,0,0,0,0,0,0,
2013,102,R,13,100,8,7,7,0,0,
2013,102,SUM,13,100,8,7,7,0,0,
2013,103,R,3,12,4,3,3,0,0,
2013,103,SUM,3,12,4,3,3,0,0,
2013,104,R,5,125,25,3,3,0,0,
2013,104,SUM,5,125,25,3,3,0,0,
2013,105,N,1,13,13,1,1,0,0,
2013,105,R,17,263,16,11,11,0,0,
2013,105,SUM,18,276,16,12,12,0,0,
2013,106,N,1,4,4,1,1,0,0,
2013,106,R,11,193,18,6,6,0,0,
2013,106,SUM,12,197,16,7,7,0,0,
2013,110,N,1,5,5,1,1,0,0,
2013,110,R,11,172,16,6,6,0,0,
2013,110,SUM,12,177,15,7,7,0,0,
2013,111,N,1,1,1,1,1,0,0,
2013,111,R,9,84,9,9,9,0,0,
2013,111,SUM,10,85,9,10,10,0,0,
2013,112,R,3,119,40,2,2,0,0,
2013,112,SUM,3,119,40,2,2,0,0,
2013,121,R,4,47,12,4,4,0,0,
2013,121,SUM,4,47,12,4,4,0,0,
2013,122,R,4,64,16,3,3,0,0,
2013,122,SUM,4,64,16,3,3,0,0,
2013,125,N,1,3,3,1,1,0,0,
2013,125,R,2,59,30,1,1,0,0,
2013,125,SUM,3,62,21,2,2,0,0,
2013,126,R,1,1,1,1,1,0,0,
2013,126,SUM,1,1,1,1,1,0,0,
2013,140,R,0,0,0,0,0,0,0,
2013,140,SUM,0,0,0,0,0,0,0,
2013,141,R,2,20,10,2,2,0,0,
2013,141,SUM,2,20,10,2,2,0,0,
2013,150,R,1,20,20,0,0,0,0,
2013,150,SUM,1,20,20,0,0,0,0,
2013,210,R,4,77,19,1,1,0,0,
2013,210,SUM,4,77,19,1,1,0,0,
2013,211,R,2,13,7,2,2,0,0,
2013,211,SUM,2,13,7,2,2,0,0,
2013,212,R,4,8,2,4,4,0,0,
2013,212,SUM,4,8,2,4,4,0,0,
2013,214,R,1,15,15,1,1,0,0,
2013,214,SUM,1,15,15,1,1,0,0,
2013,215,R,2,30,15,1,1,0,0,
2013,215,SUM,2,30,15,1,1,0,0,
2013,220,R,3,111,37,3,3,0,0,
2013,220,SUM,3,111,37,3,3,0,0,
2013,230,R,4,19,5,3,3,0,0,
2013,230,SUM,4,19,5,3,3,0,0,
2013,240,R,3,29,10,0,0,0,0,
2013,240,SUM,3,29,10,0,0,0,0,
2013,250,R,3,25,8,1,1,0,0,
2013,250,SUM,3,25,8,1,1,0,0,
2013,261,R,2,50,25,1,1,0,0,
2013,261,SUM,2,50,25,1,1,0,0,
2013,270,R,3,23,8,2,2,0,0,
2013,270,SUM,3,23,8,2,2,0,0,
2013,280,N,1,8,8,0,0,0,0,
2013,280,R,1,14,14,1,1,0,0,
2013,280,SUM,2,22,11,1,1,0,0,
2013,285,R,2,23,12,2,2,0,0,
2013,285,SUM,2,23,12,2,2,0,0,
2013,291,R,2,36,18,0,0,0,0,
2013,291,SUM,2,36,18,0,0,0,0,
2013,292,R,3,76,25,2,2,0,0,
2013,292,SUM,3,76,25,2,2,0,0,
2013,293,R,2,4,2,2,2,0,0,
2013,293,SUM,2,4,2,2,2,0,0,
2013,300,R,14,115,8,12,6,6,0,
2013,300,SUM,14,115,8,12,6,6,0,
2013,301,R,7,25,4,6,5,1,0,
2013,301,SUM,7,25,4,6,5,1,0,
2013,302,R,3,11,4,3,2,1,0,
2013,302,SUM,3,11,4,3,2,1,0,
2013,303,R,4,57,14,4,3,1,0,
2013,303,SUM,4,57,14,4,3,1,0,
2013,304,R,3,26,9,1,1,0,0,
2013,304,SUM,3,26,9,1,1,0,0,
2013,306,R,1,14,14,1,1,0,0,
2013,306,SUM,1,14,14,1,1,0,0,
2013,308,R,2,13,7,0,0,0,0,
2013,308,SUM,2,13,7,0,0,0,0,
2013,309,R,3,13,4,3,3,0,0,
2013,309,SUM,3,13,4,3,3,0,0,
2013,311,R,5,102,20,4,4,0,0,
2013,311,SUM,5,102,20,4,4,0,0,
2013,312,N,1,10,10,0,0,0,0,
2013,312,R,2,52,26,2,2,0,0,
2013,312,SUM,3,62,21,2,2,0,0,
2013,313,N,0,0,0,0,0,0,0,
2013,313,R,4,46,12,2,2,0,0,
2013,313,SUM,4,46,12,2,2,0,0,
2013,314,R,2,19,10,2,2,0,0,
2013,314,SUM,2,19,10,2,2,0,0,
2013,315,R,2,36,18,2,2,0,0,
2013,315,SUM,2,36,18,2,2,0,0,
2013,319,R,2,33,17,1,1,0,0,
2013,319,SUM,2,33,17,1,1,0,0,
2013,320,N,1,7,7,1,0,0,1,
2013,320,R,5,72,14,5,3,2,0,
2013,320,SUM,6,79,13,6,3,2,1,
2013,322,N,1,3,3,1,1,0,0,
2013,322,R,1,15,15,1,1,0,0,
2013,322,SUM,2,18,9,2,2,0,0,
2013,323,R,11,57,5,11,6,3,2,
2013,323,SUM,11,57,5,11,6,3,2,
2013,324,N,1,1,1,1,1,0,0,
2013,324,R,13,76,6,9,7,3,0,
2013,324,SUM,14,77,6,10,8,3,0,
2013,325,N,1,1,1,1,1,0,0,
2013,325,SUM,1,1,1,1,1,0,0,
2013,326,R,3,17,6,3,3,0,0,
2013,326,SUM,3,17,6,3,3,0,0,
2013,327,R,3,56,19,2,2,0,0,
2013,327,SUM,3,56,19,2,2,0,0,
2013,329,R,2,25,13,1,1,0,0,
2013,329,SUM,2,25,13,1,1,0,0,
2013,330,R,5,29,6,3,3,0,0,
2013,330,SUM,5,29,6,3,3,0,0,
2013,331,R,13,151,12,12,8,4,0,
2013,331,SUM,13,151,12,12,8,4,0,
2013,332,R,13,108,8,13,8,4,1,
2013,332,SUM,13,108,8,13,8,4,1,
2013,333,R,3,10,3,3,2,1,0,
2013,333,SUM,3,10,3,3,2,1,0,
2013,334,R,9,47,5,9,4,5,0,
2013,334,SUM,9,47,5,9,4,5,0,
2013,335,R,3,58,19,3,3,0,0,
2013,335,SUM,3,58,19,3,3,0,0,
2013,340,R,4,49,12,4,4,0,0,
2013,340,SUM,4,49,12,4,4,0,0,
2013,341,R,3,30,10,3,3,0,0,
2013,341,SUM,3,30,10,3,3,0,0,
2013,350,R,3,53,18,3,3,0,0,
2013,350,SUM,3,53,18,3,3,0,0,
2013,360,R,3,24,8,0,0,0,0,
2013,360,SUM,3,24,8,0,0,0,0,
2013,361,R,5,86,17,1,1,0,0,
2013,361,SUM,5,86,17,1,1,0,0,
2013,362,R,2,12,6,1,1,0,0,
2013,362,SUM,2,12,6,1,1,0,0,
2013,380,R,7,29,4,7,5,2,0,
2013,380,SUM,7,29,4,7,5,2,0,
2013,382,R,3,30,10,3,3,0,0,
2013,382,SUM,3,30,10,3,3,0,0,
2013,390,R,2,30,15,2,2,0,0,
2013,390,SUM,2,30,15,2,2,0,0,
2013,415,R,3,68,23,2,2,0,0,
2013,415,SUM,3,68,23,2,2,0,0,
2013,494,R,4,20,5,3,3,0,0,
2013,494,SUM,4,20,5,3,3,0,0,
2013,496,R,4,46,12,4,4,0,0,
2013,496,SUM,4,46,12,4,4,0,0,
2013,513,R,3,26,9,2,2,0,0,
2013,513,SUM,3,26,9,2,2,0,0,
2013,514,R,4,65,16,4,4,0,0,
2013,514,SUM,4,65,16,4,4,0,0,
2013,516,R,2,44,22,1,1,0,0,
2013,516,SUM,2,44,22,1,1,0,0,
2013,600,R,2,11,6,2,2,0,0,
2013,600,SUM,2,11,6,2,2,0,0,
2013,Reg_1,N,7,39,6,6,6,0,0,
2013,Reg_1,R,108,1543,14,68,68,0,0,
2013,Reg_1,SUM,115,1582,14,74,74,0,0,
2013,Reg_2,N,1,8,8,0,0,0,0,
2013,Reg_2,R,41,553,14,26,26,0,0,
2013,Reg_2,SUM,42,561,13,26,26,0,0,
2013,Reg_3,N,5,22,4,4,3,0,1,
2013,Reg_3,R,170,1625,10,142,107,32,3,
2013,Reg_3,SUM,175,1647,9,146,110,32,4,
2013,Reg_4,R,11,134,12,9,9,0,0,
2013,Reg_4,SUM,11,134,12,9,9,0,0,
2013,Reg_5,R,9,135,15,7,7,0,0,
2013,Reg_5,SUM,9,135,15,7,7,0,0,
2013,Reg_6,R,2,11,6,2,2,0,0,
2013,Reg_6,SUM,2,11,6,2,2,0,0,
2013,State,N,13,69,5,10,9,0,1,
2013,State,R,342,4010,12,254,218,32,3,
2013,State,SUM,355,4079,12,264,227,32,4,
2014,100,N,0,0,0,0,0,0,0,
2014,100,R,10,175,18,4,4,0,0,
2014,100,SUM,10,175,18,4,4,0,0,
2014,101,R,12,177,15,7,7,0,0,
2014,101,SUM,12,177,15,7,7,0,0,
2014,102,R,8,71,9,4,3,1,0,
2014,102,SUM,8,71,9,4,3,1,0,
2014,103,N,1,3,3,1,1,0,0,
2014,103,R,2,6,3,2,2,0,0,
2014,103,SUM,3,9,3,3,3,0,0,
2014,104,R,5,140,28,3,3,0,0,
2014,104,SUM,5,140,28,3,3,0,0,
2014,105,N,2,18,9,2,2,0,0,
2014,105,R,18,377,21,11,11,0,0,
2014,105,SUM,20,395,20,13,13,0,0,
2014,106,R,12,174,15,10,10,0,0,
2014,106,SUM,12,174,15,10,10,0,0,
2014,110,N,0,0,0,0,0,0,0,
2014,110,R,11,205,19,9,9,0,0,
2014,110,SUM,11,205,19,9,9,0,0,
2014,111,R,10,213,21,8,8,0,0,
2014,111,SUM,10,213,21,8,8,0,0,
2014,112,R,3,29,10,3,3,0,0,
2014,112,SUM,3,29,10,3,3,0,0,
2014,121,R,4,56,14,3,3,0,0,
2014,121,SUM,4,56,14,3,3,0,0,
2014,122,R,4,25,6,4,4,0,0,
2014,122,SUM,4,25,6,4,4,0,0,
2014,125,R,3,34,11,3,3,0,0,
2014,125,SUM,3,34,11,3,3,0,0,
2014,126,R,1,25,25,1,1,0,0,
2014,126,SUM,1,25,25,1,1,0,0,
2014,140,R,2,2,1,2,2,0,0,
2014,140,SUM,2,2,1,2,2,0,0,
2014,141,R,2,28,14,2,2,0,0,
2014,141,SUM,2,28,14,2,2,0,0,
2014,150,R,1,1,1,1,1,0,0,
2014,150,SUM,1,1,1,1,1,0,0,
2014,210,R,4,11,3,4,4,0,0,
2014,210,SUM,4,11,3,4,4,0,0,
2014,211,R,2,6,3,2,2,0,0,
2014,211,SUM,2,6,3,2,2,0,0,
2014,212,R,4,43,11,4,4,0,0,
2014,212,SUM,4,43,11,4,4,0,0,
2014,214,R,1,35,35,1,1,0,0,
2014,214,SUM,1,35,35,1,1,0,0,
2014,215,R,1,25,25,1,1,0,0,
2014,215,SUM,1,25,25,1,1,0,0,
2014,220,R,3,12,4,3,3,0,0,
2014,220,SUM,3,12,4,3,3,0,0,
2014,230,R,4,93,23,3,3,0,0,
2014,230,SUM,4,93,23,3,3,0,0,
2014,240,R,3,19,6,3,3,0,0,
2014,240,SUM,3,19,6,3,3,0,0,
2014,250,R,3,34,11,2,2,0,0,
2014,250,SUM,3,34,11,2,2,0,0,
2014,261,R,2,34,17,1,1,0,0,
2014,261,SUM,2,34,17,1,1,0,0,
2014,270,R,3,30,10,2,2,0,0,
2014,270,SUM,3,30,10,2,2,0,0,
2014,280,R,1,18,18,1,1,0,0,
2014,280,SUM,1,18,18,1,1,0,0,
2014,285,R,2,42,21,2,2,0,0,
2014,285,SUM,2,42,21,2,2,0,0,
2014,291,R,0,0,0,0,0,0,0,
2014,291,SUM,0,0,0,0,0,0,0,
2014,292,R,3,21,7,3,3,0,0,
2014,292,SUM,3,21,7,3,3,0,0,
2014,293,R,2,2,1,2,2,0,0,
2014,293,SUM,2,2,1,2,2,0,0,
2014,300,R,15,138,9,14,8,6,0,
2014,300,SUM,15,138,9,14,8,6,0,
2014,301,R,8,116,14,7,6,1,0,
2014,301,SUM,8,116,14,7,6,1,0,
2014,302,R,2,37,19,2,2,0,0,
2014,302,SUM,2,37,19,2,2,0,0,
2014,303,R,4,30,8,3,2,1,0,
2014,303,SUM,4,30,8,3,2,1,0,
2014,308,R,2,24,12,2,2,0,0,
2014,308,SUM,2,24,12,2,2,0,0,
2014,309,R,3,11,4,3,3,0,0,
2014,309,SUM,3,11,4,3,3,0,0,
2014,310,R,1,1,1,1,1,0,0,
2014,310,SUM,1,1,1,1,1,0,0,
2014,311,R,5,34,7,4,4,0,0,
2014,311,SUM,5,34,7,4,4,0,0,
2014,312,R,4,38,10,4,4,0,0,
2014,312,SUM,4,38,10,4,4,0,0,
2014,313,R,4,46,12,1,1,0,0,
2014,313,SUM,4,46,12,1,1,0,0,
2014,314,R,2,19,10,1,1,0,0,
2014,314,SUM,2,19,10,1,1,0,0,
2014,315,R,2,18,9,2,2,0,0,
2014,315,SUM,2,18,9,2,2,0,0,
2014,319,R,2,43,22,2,2,0,0,
2014,319,SUM,2,43,22,2,2,0,0,
2014,320,R,6,45,8,5,4,1,0,
2014,320,SUM,6,45,8,5,4,1,0,
2014,322,R,2,39,20,1,1,0,0,
2014,322,SUM,2,39,20,1,1,0,0,
2014,323,R,13,143,11,11,10,2,0,
2014,323,SUM,13,143,11,11,10,2,0,
2014,324,R,16,106,7,10,8,2,0,
2014,324,SUM,16,106,7,10,8,2,0,
2014,325,R,4,69,17,4,4,0,0,
2014,325,SUM,4,69,17,4,4,0,0,
2014,326,R,4,25,6,4,4,0,0,
2014,326,SUM,4,25,6,4,4,0,0,
2014,327,R,3,11,4,2,2,0,0,
2014,327,SUM,3,11,4,2,2,0,0,
2014,329,N,1,6,6,1,1,0,0,
2014,329,R,1,16,16,1,1,0,0,
2014,329,SUM,2,22,11,2,2,0,0,
2014,330,N,1,5,5,1,1,0,0,
2014,330,R,4,16,4,3,2,1,0,
2014,330,SUM,5,21,4,4,3,1,0,
2014,331,R,12,62,5,11,8,3,0,
2014,331,SUM,12,62,5,11,8,3,0,
2014,332,N,1,2,2,1,1,0,0,
2014,332,R,12,49,4,12,7,4,1,
2014,332,SUM,13,51,4,13,8,4,1,
2014,333,N,1,5,5,1,1,0,0,
2014,333,R,1,5,5,1,1,0,0,
2014,333,SUM,2,10,5,2,2,0,0,
2014,334,N,1,5,5,1,1,0,0,
2014,334,R,9,13,1,8,4,3,1,
2014,334,SUM,10,18,2,9,5,3,1,
2014,335,R,3,102,34,2,2,0,0,
2014,335,SUM,3,102,34,2,2,0,0,
2014,340,R,4,27,7,3,3,0,0,
2014,340,SUM,4,27,7,3,3,0,0,
2014,341,R,3,62,21,3,3,0,0,
2014,341,SUM,3,62,21,3,3,0,0,
2014,343,R,0,0,0,0,0,0,0,
2014,343,SUM,0,0,0,0,0,0,0,
2014,350,N,1,47,47,0,0,0,0,
2014,350,R,2,15,8,2,2,0,0,
2014,350,SUM,3,62,21,2,2,0,0,
2014,360,R,3,23,8,2,2,0,0,
2014,360,SUM,3,23,8,2,2,0,0,
2014,361,R,5,76,15,4,4,0,0,
2014,361,SUM,5,76,15,4,4,0,0,
2014,362,R,2,49,25,0,0,0,0,
2014,362,SUM,2,49,25,0,0,0,0,
2014,380,R,7,57,8,6,6,0,0,
2014,380,SUM,7,57,8,6,6,0,0,
2014,382,R,3,12,4,2,2,0,0,
2014,382,SUM,3,12,4,2,2,0,0,
2014,390,R,2,24,12,0,0,0,0,
2014,390,SUM,2,24,12,0,0,0,0,
2014,401,R,2,2,1,2,2,0,0,
2014,401,SUM,2,2,1,2,2,0,0,
2014,415,R,3,28,9,2,2,0,0,
2014,415,SUM,3,28,9,2,2,0,0,
2014,441,R,1,16,16,1,1,0,0,
2014,441,SUM,1,16,16,1,1,0,0,
2014,494,R,4,22,6,3,3,0,0,
2014,494,SUM,4,22,6,3,3,0,0,
2014,496,R,4,136,34,3,3,0,0,
2014,496,SUM,4,136,34,3,3,0,0,
2014,513,R,3,47,16,3,3,0,0,
2014,513,SUM,3,47,16,3,3,0,0,
2014,514,R,4,51,13,3,3,0,0,
2014,514,SUM,4,51,13,3,3,0,0,
2014,516,R,2,20,10,1,1,0,0,
2014,516,SUM,2,20,10,1,1,0,0,
2014,600,R,3,10,3,2,2,0,0,
2014,600,SUM,3,10,3,2,2,0,0,
2014,Reg_1,N,3,21,7,3,3,0,0,
2014,Reg_1,R,108,1738,16,76,75,1,0,
2014,Reg_1,SUM,111,1759,16,79,78,1,0,
2014,Reg_2,R,38,425,11,34,34,0,0,
2014,Reg_2,SUM,38,425,11,34,34,0,0,
2014,Reg_3,N,6,70,12,5,5,0,0,
2014,Reg_3,R,175,1601,9,141,115,23,2,
2014,Reg_3,SUM,181,1671,9,146,120,23,2,
2014,Reg_4,R,14,204,15,11,11,0,0,
2014,Reg_4,SUM,14,204,15,11,11,0,0,
2014,Reg_5,R,9,117,13,7,7,0,0,
2014,Reg_5,SUM,9,117,13,7,7,0,0,
2014,Reg_6,R,3,10,3,2,2,0,0,
2014,Reg_6,SUM,3,10,3,2,2,0,0,
2014,State,N,11,102,9,8,8,0,0,
2014,State,R,346,4095,12,270,244,24,2,
2014,State,SUM,357,4197,12,278,252,24,2,
2015,100,N,1,3,3,1,1,0,0,
2015,100,R,11,146,13,10,10,0,0,
2015,100,SUM,12,149,12,11,11,0,0,
2015,101,N,1,12,12,0,0,0,0,
2015,101,R,11,107,11,9,8,1,0,
2015,101,SUM,12,119,11,9,8,1,0,
2015,102,R,7,52,8,7,7,0,0,
2015,102,SUM,7,52,8,7,7,0,0,
2015,103,R,3,21,7,2,2,0,0,
2015,103,SUM,3,21,7,2,2,0,0,
2015,104,N,1,12,12,0,0,0,0,
2015,104,R,4,50,13,1,1,0,0,
2015,104,SUM,5,62,12,1,1,0,0,
2015,105,N,2,24,12,0,0,0,0,
2015,105,R,18,291,16,9,9,0,0,
2015,105,SUM,20,315,16,9,9,0,0,
2015,106,N,1,25,25,0,0,0,0,
2015,106,R,11,95,9,8,8,0,0,
2015,106,SUM,12,120,10,8,8,0,0,
2015,110,N,1,14,14,1,1,0,0,
2015,110,R,11,220,20,10,10,0,0,
2015,110,SUM,12,234,20,11,11,0,0,
2015,111,N,1,10,10,1,1,0,0,
2015,111,R,9,92,10,9,9,0,0,
2015,111,SUM,10,102,10,10,10,0,0,
2015,112,R,3,77,26,2,2,0,0,
2015,112,SUM,3,77,26,2,2,0,0,
2015,121,N,0,0,0,0,0,0,0,
2015,121,R,3,60,20,2,2,0,0,
2015,121,SUM,3,60,20,2,2,0,0,
2015,122,N,1,16,16,1,1,0,0,
2015,122,R,3,46,15,1,1,0,0,
2015,122,SUM,4,62,16,2,2,0,0,
2015,125,R,3,120,40,2,2,0,0,
2015,125,SUM,3,120,40,2,2,0,0,
2015,126,R,0,0,0,0,0,0,0,
2015,126,SUM,0,0,0,0,0,0,0,
2015,140,R,2,31,16,2,2,0,0,
2015,140,SUM,2,31,16,2,2,0,0,
2015,141,R,2,40,20,2,2,0,0,
2015,141,SUM,2,40,20,2,2,0,0,
2015,150,R,0,0,0,0,0,0,0,
2015,150,SUM,0,0,0,0,0,0,0,
2015,210,R,4,12,3,4,4,0,0,
2015,210,SUM,4,12,3,4,4,0,0,
2015,211,N,1,4,4,1,1,0,0,
2015,211,R,0,0,0,0,0,0,0,
2015,211,SUM,1,4,4,1,1,0,0,
2015,212,R,4,84,21,4,4,0,0,
2015,212,SUM,4,84,21,4,4,0,0,
2015,214,R,1,4,4,1,1,0,0,
2015,214,SUM,1,4,4,1,1,0,0,
2015,215,R,1,9,9,1,1,0,0,
2015,215,SUM,1,9,9,1,1,0,0,
2015,220,R,3,18,6,3,3,0,0,
2015,220,SUM,3,18,6,3,3,0,0,
2015,230,R,4,68,17,4,4,0,0,
2015,230,SUM,4,68,17,4,4,0,0,
2015,240,R,3,29,10,2,2,0,0,
2015,240,SUM,3,29,10,2,2,0,0,
2015,250,R,3,60,20,3,3,0,0,
2015,250,SUM,3,60,20,3,3,0,0,
2015,261,R,2,77,39,2,2,0,0,
2015,261,SUM,2,77,39,2,2,0,0,
2015,270,R,2,36,18,2,2,0,0,
2015,270,SUM,2,36,18,2,2,0,0,
2015,280,R,1,4,4,1,1,0,0,
2015,280,SUM,1,4,4,1,1,0,0,
2015,285,R,2,120,60,0,0,0,0,
2015,285,SUM,2,120,60,0,0,0,0,
2015,291,R,0,0,0,0,0,0,0,
2015,291,SUM,0,0,0,0,0,0,0,
2015,292,R,3,33,11,3,3,0,0,
2015,292,SUM,3,33,11,3,3,0,0,
2015,293,R,2,4,2,2,2,0,0,
2015,293,SUM,2,4,2,2,2,0,0,
2015,300,N,1,5,5,1,1,0,0,
2015,300,R,14,55,4,11,6,6,0,
2015,300,SUM,15,60,4,12,7,6,0,
2015,301,R,8,57,7,7,4,3,0,
2015,301,SUM,8,57,7,7,4,3,0,
2015,302,N,1,7,7,0,0,0,0,
2015,302,R,0,0,0,0,0,0,0,
2015,302,SUM,1,7,7,0,0,0,0,
2015,303,R,3,20,7,3,3,0,0,
2015,303,SUM,3,20,7,3,3,0,0,
2015,308,N,1,4,4,1,1,0,0,
2015,308,R,1,17,17,0,0,0,0,
2015,308,SUM,2,21,11,1,1,0,0,
2015,309,N,1,1,1,1,1,0,0,
2015,309,R,2,100,50,2,2,0,0,
2015,309,SUM,3,101,34,3,3,0,0,
2015,310,R,1,20,20,1,1,0,0,
2015,310,SUM,1,20,20,1,1,0,0,
2015,311,N,1,18,18,0,0,0,0,
2015,311,R,4,43,11,2,2,0,0,
2015,311,SUM,5,61,12,2,2,0,0,
2015,312,R,4,45,11,4,4,0,0,
2015,312,SUM,4,45,11,4,4,0,0,
2015,313,R,2,20,10,2,2,0,0,
2015,313,SUM,2,20,10,2,2,0,0,
2015,314,R,2,42,21,0,0,0,0,
2015,314,SUM,2,42,21,0,0,0,0,
2015,315,R,2,13,7,2,2,0,0,
2015,315,SUM,2,13,7,2,2,0,0,
2015,319,R,2,15,8,2,2,0,0,
2015,319,SUM,2,15,8,2,2,0,0,
2015,320,R,6,87,15,6,3,3,0,
2015,320,SUM,6,87,15,6,3,3,0,
2015,322,R,2,14,7,0,0,0,0,
2015,322,SUM,2,14,7,0,0,0,0,
2015,323,R,15,93,6,14,11,3,0,
2015,323,SUM,15,93,6,14,11,3,0,
2015,324,R,15,138,9,10,5,6,0,
2015,324,SUM,15,138,9,10,5,6,0,
2015,325,R,6,64,11,6,6,0,0,
2015,325,SUM,6,64,11,6,6,0,0,
2015,326,R,4,31,8,4,4,0,0,
2015,326,SUM,4,31,8,4,4,0,0,
2015,327,R,3,22,7,2,2,0,0,
2015,327,SUM,3,22,7,2,2,0,0,
2015,329,R,2,16,8,2,2,0,0,
2015,329,SUM,2,16,8,2,2,0,0,
2015,330,R,5,18,4,5,3,2,0,
2015,330,SUM,5,18,4,5,3,2,0,
2015,331,R,13,118,9,12,8,3,1,
2015,331,SUM,13,118,9,12,8,3,1,
2015,332,R,13,143,11,10,5,5,0,
2015,332,SUM,13,143,11,10,5,5,0,
2015,333,R,2,44,22,2,2,0,0,
2015,333,SUM,2,44,22,2,2,0,0,
2015,334,R,9,56,6,8,5,3,0,
2015,334,SUM,9,56,6,8,5,3,0,
2015,335,R,3,60,20,3,3,0,0,
2015,335,SUM,3,60,20,3,3,0,0,
2015,340,R,4,37,9,4,4,0,0,
2015,340,SUM,4,37,9,4,4,0,0,
2015,341,R,4,63,16,4,4,0,0,
2015,341,SUM,4,63,16,4,4,0,0,
2015,343,R,1,30,30,1,1,0,0,
2015,343,SUM,1,30,30,1,1,0,0,
2015,350,R,3,90,30,0,0,0,0,
2015,350,SUM,3,90,30,0,0,0,0,
2015,360,R,1,2,2,0,0,0,0,
2015,360,SUM,1,2,2,0,0,0,0,
2015,361,N,1,8,8,0,0,0,0,
2015,361,R,2,23,12,1,1,0,0,
2015,361,SUM,3,31,10,1,1,0,0,
2015,362,N,1,9,9,0,0,0,0,
2015,362,SUM,1,9,9,0,0,0,0,
2015,380,N,1,8,8,1,1,0,0,
2015,380,R,6,90,15,5,4,1,0,
2015,380,SUM,7,98,14,6,5,1,0,
2015,382,R,3,38,13,3,3,0,0,
2015,382,SUM,3,38,13,3,3,0,0,
2015,390,R,0,0,0,0,0,0,0,
2015,390,SUM,0,0,0,0,0,0,0,
2015,401,R,2,7,4,2,1,1,0,
2015,401,SUM,2,7,4,2,1,1,0,
2015,415,R,3,24,8,2,2,0,0,
2015,415,SUM,3,24,8,2,2,0,0,
2015,441,R,0,0,0,0,0,0,0,
2015,441,SUM,0,0,0,0,0,0,0,
2015,494,R,4,44,11,0,0,0,0,
2015,494,SUM,4,44,11,0,0,0,0,
2015,496,R,4,86,22,2,2,0,0,
2015,496,SUM,4,86,22,2,2,0,0,
2015,513,R,3,33,11,1,1,0,0,
2015,513,SUM,3,33,11,1,1,0,0,
2015,514,R,4,32,8,4,4,0,0,
2015,514,SUM,4,32,8,4,4,0,0,
2015,516,R,2,9,5,2,2,0,0,
2015,516,SUM,2,9,5,2,2,0,0,
2015,600,R,3,48,16,3,3,0,0,
2015,600,SUM,3,48,16,3,3,0,0,
2015,Reg_1,N,9,116,13,4,4,0,0,
2015,Reg_1,R,101,1448,15,74,73,1,0,
2015,Reg_1,SUM,110,1564,14,78,77,1,0,
2015,Reg_2,N,1,4,4,1,1,0,0,
2015,Reg_2,R,35,558,16,32,32,0,0,
2015,Reg_2,SUM,36,562,16,33,33,0,0,
2015,Reg_3,N,8,60,8,4,4,0,0,
2015,Reg_3,R,167,1722,10,138,104,33,1,
2015,Reg_3,SUM,175,1782,10,142,108,33,1,
2015,Reg_4,R,13,161,12,6,5,1,0,
2015,Reg_4,SUM,13,161,12,6,5,1,0,
2015,Reg_5,R,9,74,8,7,7,0,0,
2015,Reg_5,SUM,9,74,8,7,7,0,0,
2015,Reg_6,R,3,48,16,3,3,0,0,
2015,Reg_6,SUM,3,48,16,3,3,0,0,
2015,State,N,18,180,10,9,9,0,0,
2015,State,R,329,4053,12,259,223,35,1,
2015,State,SUM,347,4233,12,268,232,35,1,
2016,100,N,1,3,3,1,1,0,0,
2016,100,R,11,113,10,10,10,0,0,
2016,100,SUM,12,116,10,11,11,0,0,
2016,101,N,1,14,14,0,0,0,0,
2016,101,R,10,163,16,4,4,0,0,
2016,101,SUM,11,177,16,4,4,0,0,
2016,102,R,8,115,14,3,3,0,0,
2016,102,SUM,8,115,14,3,3,0,0,
2016,103,R,3,23,8,3,3,0,0,
2016,103,SUM,3,23,8,3,3,0,0,
2016,104,R,5,99,20,0,0,0,0,
2016,104,SUM,5,99,20,0,0,0,0,
2016,105,N,2,14,7,0,0,0,0,
2016,105,R,18,296,16,9,9,0,0,
2016,105,SUM,20,310,16,9,9,0,0,
2016,106,R,12,168,14,11,11,0,0,
2016,106,SUM,12,168,14,11,11,0,0,
2016,110,N,0,0,0,0,0,0,0,
2016,110,R,10,195,20,6,6,0,0,
2016,110,SUM,10,195,20,6,6,0,0,
2016,111,R,9,156,18,9,9,0,0,
2016,111,SUM,9,156,18,9,9,0,0,
2016,112,R,3,113,38,2,2,0,0,
2016,112,SUM,3,113,38,2,2,0,0,
2016,121,R,4,60,15,2,2,0,0,
2016,121,SUM,4,60,15,2,2,0,0,
2016,122,R,4,55,14,3,3,0,0,
2016,122,SUM,4,55,14,3,3,0,0,
2016,125,R,3,27,9,2,2,0,0,
2016,125,SUM,3,27,9,2,2,0,0,
2016,126,R,0,0,0,0,0,0,0,
2016,126,SUM,0,0,0,0,0,0,0,
2016,140,R,2,4,2,2,2,0,0,
2016,140,SUM,2,4,2,2,2,0,0,
2016,141,R,2,14,7,2,2,0,0,
2016,141,SUM,2,14,7,2,2,0,0,
2016,150,R,1,1,1,1,1,0,0,
2016,150,SUM,1,1,1,1,1,0,0,
2016,210,R,4,21,5,4,4,0,0,
2016,210,SUM,4,21,5,4,4,0,0,
2016,211,R,2,69,35,2,2,0,0,
2016,211,SUM,2,69,35,2,2,0,0,
2016,212,R,3,16,5,3,3,0,0,
2016,212,SUM,3,16,5,3,3,0,0,
2016,214,R,1,5,5,1,1,0,0,
2016,214,SUM,1,5,5,1,1,0,0,
2016,215,R,1,24,24,1,1,0,0,
2016,215,SUM,1,24,24,1,1,0,0,
2016,220,R,0,0,0,0,0,0,0,
2016,220,SUM,0,0,0,0,0,0,0,
2016,230,N,1,3,3,1,1,0,0,
2016,230,R,3,56,19,3,3,0,0,
2016,230,SUM,4,59,15,4,4,0,0,
2016,240,R,3,18,6,0,0,0,0,
2016,240,SUM,3,18,6,0,0,0,0,
2016,250,R,1,30,30,0,0,0,0,
2016,250,SUM,1,30,30,0,0,0,0,
2016,261,R,2,30,15,1,1,0,0,
2016,261,SUM,2,30,15,1,1,0,0,
2016,270,R,3,48,16,2,2,0,0,
2016,270,SUM,3,48,16,2,2,0,0,
2016,280,R,1,12,12,1,1,0,0,
2016,280,SUM,1,12,12,1,1,0,0,
2016,285,R,2,74,37,0,0,0,0,
2016,285,SUM,2,74,37,0,0,0,0,
2016,291,R,0,0,0,0,0,0,0,
2016,291,SUM,0,0,0,0,0,0,0,
2016,292,R,3,36,12,2,2,0,0,
2016,292,SUM,3,36,12,2,2,0,0,
2016,293,R,2,80,40,2,2,0,0,
2016,293,SUM,2,80,40,2,2,0,0,
2016,300,R,15,106,7,14,7,6,1,
2016,300,SUM,15,106,7,14,7,6,1,
2016,301,R,8,74,9,7,5,2,0,
2016,301,SUM,8,74,9,7,5,2,0,
2016,302,R,2,40,20,2,2,0,0,
2016,302,SUM,2,40,20,2,2,0,0,
2016,303,R,4,42,11,4,3,1,0,
2016,303,SUM,4,42,11,4,3,1,0,
2016,309,R,3,46,15,2,2,0,0,
2016,309,SUM,3,46,15,2,2,0,0,
2016,310,R,1,5,5,1,1,0,0,
2016,310,SUM,1,5,5,1,1,0,0,
2016,311,R,5,56,11,4,4,0,0,
2016,311,SUM,5,56,11,4,4,0,0,
2016,312,R,4,76,19,3,3,0,0,
2016,312,SUM,4,76,19,3,3,0,0,
2016,314,R,2,16,8,2,2,0,0,
2016,314,SUM,2,16,8,2,2,0,0,
2016,315,R,2,12,6,2,2,0,0,
2016,315,SUM,2,12,6,2,2,0,0,
2016,319,R,0,0,0,0,0,0,0,
2016,319,SUM,0,0,0,0,0,0,0,
2016,320,R,7,84,12,4,4,0,0,
2016,320,SUM,7,84,12,4,4,0,0,
2016,322,R,2,39,20,1,1,0,0,
2016,322,SUM,2,39,20,1,1,0,0,
2016,323,N,1,4,4,1,1,0,0,
2016,323,R,15,157,11,13,8,3,2,
2016,323,SUM,16,161,10,14,9,3,2,
2016,324,N,1,6,6,1,1,0,0,
2016,324,R,10,132,13,10,7,2,1,
2016,324,SUM,11,138,13,11,8,2,1,
2016,325,N,1,3,3,1,1,0,0,
2016,325,R,5,61,12,5,5,0,0,
2016,325,SUM,6,64,11,6,6,0,0,
2016,326,N,1,2,2,1,1,0,0,
2016,326,R,3,15,5,3,3,0,0,
2016,326,SUM,4,17,4,4,4,0,0,
2016,327,R,3,8,3,3,3,0,0,
2016,327,SUM,3,8,3,3,3,0,0,
2016,329,R,0,0,0,0,0,0,0,
2016,329,SUM,0,0,0,0,0,0,0,
2016,330,N,1,5,5,1,1,0,0,
2016,330,R,4,27,7,2,1,1,0,
2016,330,SUM,5,32,6,3,2,1,0,
2016,331,R,13,109,8,13,8,5,0,
2016,331,SUM,13,109,8,13,8,5,0,
2016,332,R,13,144,11,11,7,4,0,
2016,332,SUM,13,144,11,11,7,4,0,
2016,333,R,3,30,10,3,2,1,0,
2016,333,SUM,3,30,10,3,2,1,0,
2016,334,R,10,58,7,8,5,2,2,
2016,334,SUM,10,58,7,8,5,2,2,
2016,335,R,3,44,15,2,2,0,0,
2016,335,SUM,3,44,15,2,2,0,0,
2016,340,R,4,60,15,4,4,0,0,
2016,340,SUM,4,60,15,4,4,0,0,
2016,341,R,3,21,7,3,3,0,0,
2016,341,SUM,3,21,7,3,3,0,0,
2016,343,R,1,21,21,1,1,0,0,
2016,343,SUM,1,21,21,1,1,0,0,
2016,350,R,3,80,27,1,1,0,0,
2016,350,SUM,3,80,27,1,1,0,0,
2016,380,R,7,42,6,5,4,1,0,
2016,380,SUM,7,42,6,5,4,1,0,
2016,382,R,3,59,20,3,3,0,0,
2016,382,SUM,3,59,20,3,3,0,0,
2016,390,R,2,7,4,2,2,0,0,
2016,390,SUM,2,7,4,2,2,0,0,
2016,398,R,5,121,24,1,1,0,0,
2016,398,SUM,5,121,24,1,1,0,0,
2016,399,R,4,20,5,4,4,0,0,
2016,399,SUM,4,20,5,4,4,0,0,
2016,401,R,2,3,2,2,2,0,0,
2016,401,SUM,2,3,2,2,2,0,0,
2016,415,R,3,90,30,0,0,0,0,
2016,415,SUM,3,90,30,0,0,0,0,
2016,441,R,1,46,46,1,1,0,0,
2016,441,SUM,1,46,46,1,1,0,0,
2016,494,R,4,23,6,3,3,0,0,
2016,494,SUM,4,23,6,3,3,0,0,
2016,496,R,4,56,14,4,4,0,0,
2016,496,SUM,4,56,14,4,4,0,0,
2016,513,R,3,68,23,2,2,0,0,
2016,513,SUM,3,68,23,2,2,0,0,
2016,514,R,6,30,5,6,6,0,0,
2016,514,SUM,6,30,5,6,6,0,0,
2016,516,R,2,22,11,2,2,0,0,
2016,516,SUM,2,22,11,2,2,0,0,
2016,600,R,3,35,12,3,3,0,0,
2016,600,SUM,3,35,12,3,3,0,0,
2016,Reg_1,N,4,31,8,1,1,0,0,
2016,Reg_1,R,105,1600,15,68,68,0,0,
2016,Reg_1,SUM,109,1631,15,69,69,0,0,
2016,Reg_2,N,1,3,3,1,1,0,0,
2016,Reg_2,R,31,519,17,22,22,0,0,
2016,Reg_2,SUM,32,522,16,23,23,0,0,
2016,Reg_3,N,5,20,4,5,5,0,0,
2016,Reg_3,R,169,1811,11,142,110,27,6,
2016,Reg_3,SUM,174,1831,11,147,115,27,6,
2016,Reg_4,R,14,218,16,10,10,0,0,
2016,Reg_4,SUM,14,218,16,10,10,0,0,
2016,Reg_5,R,11,120,11,10,10,0,0,
2016,Reg_5,SUM,11,120,11,10,10,0,0,
2016,Reg_6,R,3,35,12,3,3,0,0,
2016,Reg_6,SUM,3,35,12,3,3,0,0,
2016,State,N,11,62,6,7,7,0,0,
2016,State,R,332,4302,13,254,222,27,6,
2016,State,SUM,343,4364,13,261,229,27,6,
2017,100,N,1,6,6,1,1,0,0,
2017,100,R,10,95,10,8,8,0,0,
2017,100,SUM,11,101,9,9,9,0,0,
2017,101,N,0,0,0,0,0,0,0,
2017,101,R,11,149,14,6,6,0,0,
2017,101,SUM,11,149,14,6,6,0,0,
2017,102,N,1,2,2,1,1,0,0,
2017,102,R,7,65,9,7,7,0,0,
2017,102,SUM,8,67,8,8,8,0,0,
2017,103,R,3,27,9,2,2,0,0,
2017,103,SUM,3,27,9,2,2,0,0,
2017,104,N,1,6,6,0,0,0,0,
2017,104,R,4,59,15,0,0,0,0,
2017,104,SUM,5,65,13,0,0,0,0,
2017,105,N,2,13,7,1,1,0,0,
2017,105,R,18,286,16,11,11,0,0,
2017,105,SUM,20,299,15,12,12,0,0,
2017,106,R,12,192,16,7,7,0,0,
2017,106,SUM,12,192,16,7,7,0,0,
2017,110,R,11,205,19,8,8,0,0,
2017,110,SUM,11,205,19,8,8,0,0,
2017,111,N,0,0,0,0,0,0,0,
2017,111,R,9,217,24,8,8,0,0,
2017,111,SUM,9,217,24,8,8,0,0,
2017,112,R,3,46,15,1,1,0,0,
2017,112,SUM,3,46,15,1,1,0,0,
2017,121,R,4,69,17,2,2,0,0,
2017,121,SUM,4,69,17,2,2,0,0,
2017,122,R,4,56,14,3,3,0,0,
2017,122,SUM,4,56,14,3,3,0,0,
2017,125,R,3,36,12,2,2,0,0,
2017,125,SUM,3,36,12,2,2,0,0,
2017,126,R,1,20,20,1,1,0,0,
2017,126,SUM,1,20,20,1,1,0,0,
2017,140,R,2,70,35,1,1,0,0,
2017,140,SUM,2,70,35,1,1,0,0,
2017,141,R,2,33,17,1,1,0,0,
2017,141,SUM,2,33,17,1,1,0,0,
2017,150,R,0,0,0,0,0,0,0,
2017,150,SUM,0,0,0,0,0,0,0,
2017,210,R,4,28,7,4,4,0,0,
2017,210,SUM,4,28,7,4,4,0,0,
2017,211,R,2,16,8,2,2,0,0,
2017,211,SUM,2,16,8,2,2,0,0,
2017,212,R,4,48,12,4,4,0,0,
2017,212,SUM,4,48,12,4,4,0,0,
2017,214,R,1,12,12,1,1,0,0,
2017,214,SUM,1,12,12,1,1,0,0,
2017,215,R,1,6,6,0,0,0,0,
2017,215,SUM,1,6,6,0,0,0,0,
2017,220,R,3,36,12,3,3,0,0,
2017,220,SUM,3,36,12,3,3,0,0,
2017,230,R,4,79,20,4,4,0,0,
2017,230,SUM,4,79,20,4,4,0,0,
2017,240,R,3,41,14,1,1,0,0,
2017,240,SUM,3,41,14,1,1,0,0,
2017,250,R,1,15,15,0,0,0,0,
2017,250,SUM,1,15,15,0,0,0,0,
2017,261,R,2,22,11,2,2,0,0,
2017,261,SUM,2,22,11,2,2,0,0,
2017,270,R,3,14,5,3,3,0,0,
2017,270,SUM,3,14,5,3,3,0,0,
2017,280,R,1,6,6,1,1,0,0,
2017,280,SUM,1,6,6,1,1,0,0,
2017,285,R,2,60,30,2,2,0,0,
2017,285,SUM,2,60,30,2,2,0,0,
2017,291,R,1,18,18,0,0,0,0,
2017,291,SUM,1,18,18,0,0,0,0,
2017,292,R,3,113,38,2,2,0,0,
2017,292,SUM,3,113,38,2,2,0,0,
2017,293,R,2,5,3,2,2,0,0,
2017,293,SUM,2,5,3,2,2,0,0,
2017,300,R,15,149,10,13,8,2,2,
2017,300,SUM,15,149,10,13,8,2,2,
2017,301,R,8,53,7,8,5,2,2,
2017,301,SUM,8,53,7,8,5,2,2,
2017,302,R,2,35,18,1,1,0,0,
2017,302,SUM,2,35,18,1,1,0,0,
2017,303,R,4,13,3,4,3,1,0,
2017,303,SUM,4,13,3,4,3,1,0,
2017,309,R,2,3,2,2,2,0,0,
2017,309,SUM,2,3,2,2,2,0,0,
2017,310,R,1,10,10,1,1,0,0,
2017,310,SUM,1,10,10,1,1,0,0,
2017,311,R,3,17,5,3,3,0,0,
2017,311,SUM,3,17,5,3,3,0,0,
2017,312,R,4,18,5,3,3,0,0,
2017,312,SUM,4,18,5,3,3,0,0,
2017,314,R,2,10,5,2,2,0,0,
2017,314,SUM,2,10,5,2,2,0,0,
2017,315,R,2,29,15,2,2,0,0,
2017,315,SUM,2,29,15,2,2,0,0,
2017,319,R,2,48,24,1,1,0,0,
2017,319,SUM,2,48,24,1,1,0,0,
2017,320,R,7,60,9,7,4,3,0,
2017,320,SUM,7,60,9,7,4,3,0,
2017,322,R,2,20,10,1,1,0,0,
2017,322,SUM,2,20,10,1,1,0,0,
2017,323,N,1,5,5,1,1,0,0,
2017,323,R,18,159,9,16,12,2,2,
2017,323,SUM,19,164,9,17,13,2,2,
2017,324,R,10,93,9,9,6,2,2,
2017,324,SUM,10,93,9,9,6,2,2,
2017,325,R,6,67,11,6,6,0,0,
2017,325,SUM,6,67,11,6,6,0,0,
2017,326,R,4,32,8,4,4,0,0,
2017,326,SUM,4,32,8,4,4,0,0,
2017,327,R,3,52,17,2,2,0,0,
2017,327,SUM,3,52,17,2,2,0,0,
2017,329,R,2,10,5,0,0,0,0,
2017,329,SUM,2,10,5,0,0,0,0,
2017,330,R,5,38,8,4,3,1,0,
2017,330,SUM,5,38,8,4,3,1,0,
2017,331,N,1,4,4,1,1,0,0,
2017,331,R,12,99,8,12,8,4,0,
2017,331,SUM,13,103,8,13,9,4,0,
2017,332,R,13,65,5,12,8,4,0,
2017,332,SUM,13,65,5,12,8,4,0,
2017,333,R,3,44,15,3,2,0,1,
2017,333,SUM,3,44,15,3,2,0,1,
2017,334,N,1,3,3,1,1,0,0,
2017,334,R,10,38,4,10,5,5,0,
2017,334,SUM,11,41,4,11,6,5,0,
2017,335,R,0,0,0,0,0,0,0,
2017,335,SUM,0,0,0,0,0,0,0,
2017,340,N,1,5,5,1,1,0,0,
2017,340,R,2,5,3,2,2,0,0,
2017,340,SUM,3,10,4,3,3,0,0,
2017,341,N,0,0,0,0,0,0,0,
2017,341,R,2,6,3,2,2,0,0,
2017,341,SUM,2,6,3,2,2,0,0,
2017,343,R,1,14,14,1,1,0,0,
2017,343,SUM,1,14,14,1,1,0,0,
2017,350,R,3,29,10,3,3,0,0,
2017,350,SUM,3,29,10,3,3,0,0,
2017,380,R,7,42,6,6,5,1,0,
2017,380,SUM,7,42,6,6,5,1,0,
2017,382,R,2,31,16,2,2,0,0,
2017,382,SUM,2,31,16,2,2,0,0,
2017,390,R,0,0,0,0,0,0,0,
2017,390,SUM,0,0,0,0,0,0,0,
2017,398,R,5,41,8,3,3,0,0,
2017,398,SUM,5,41,8,3,3,0,0,
2017,399,R,4,116,29,3,3,0,0,
2017,399,SUM,4,116,29,3,3,0,0,
2017,401,N,1,3,3,1,1,0,0,
2017,401,R,1,4,4,1,1,0,0,
2017,401,SUM,2,7,4,2,2,0,0,
2017,415,R,1,4,4,1,1,0,0,
2017,415,SUM,1,4,4,1,1,0,0,
2017,441,R,0,0,0,0,0,0,0,
2017,441,SUM,0,0,0,0,0,0,0,
2017,494,R,4,37,9,3,3,0,0,
2017,494,SUM,4,37,9,3,3,0,0,
2017,496,R,4,16,4,3,3,0,0,
2017,496,SUM,4,16,4,3,3,0,0,
2017,513,R,1,1,1,1,1,0,0,
2017,513,SUM,1,1,1,1,1,0,0,
2017,514,R,6,66,11,6,6,0,0,
2017,514,SUM,6,66,11,6,6,0,0,
2017,516,R,2,10,5,2,2,0,0,
2017,516,SUM,2,10,5,2,2,0,0,
2017,600,R,3,23,8,2,2,0,0,
2017,600,SUM,3,23,8,2,2,0,0,
2017,Reg_1,N,5,27,5,3,3,0,0,
2017,Reg_1,R,104,1625,16,66,66,0,0,
2017,Reg_1,SUM,109,1652,15,69,69,0,0,
2017,Reg_2,R,37,519,14,31,31,0,0,
2017,Reg_2,SUM,37,519,14,31,31,0,0,
2017,Reg_3,N,4,17,4,4,4,0,0,
2017,Reg_3,R,166,1443,9,147,113,26,8,
2017,Reg_3,SUM,170,1460,9,151,117,26,8,
2017,Reg_4,N,1,3,3,1,1,0,0,
2017,Reg_4,R,10,61,6,8,8,0,0,
2017,Reg_4,SUM,11,64,6,9,9,0,0,
2017,Reg_5,R,9,77,9,9,9,0,0,
2017,Reg_5,SUM,9,77,9,9,9,0,0,
2017,Reg_6,R,3,23,8,2,2,0,0,
2017,Reg_6,SUM,3,23,8,2,2,0,0,
2017,State,N,10,47,5,8,8,0,0,
2017,State,R,329,3755,11,262,228,26,8,
2017,State,SUM,339,3802,11,270,236,26,8,
2018,100,N,0,0,0,0,0,0,0,
2018,100,R,11,183,17,6,6,0,0,
2018,100,SUM,11,183,17,6,6,0,0,
2018,101,N,0,0,0,0,0,0,0,
2018,101,R,11,182,17,7,7,0,0,
2018,101,SUM,11,182,17,7,7,0,0,
2018,102,R,6,42,7,6,6,0,0,
2018,102,SUM,6,42,7,6,6,0,0,
2018,103,R,3,50,17,3,3,0,0,
2018,103,SUM,3,50,17,3,3,0,0,
2018,104,R,5,157,31,2,2,0,0,
2018,104,SUM,5,157,31,2,2,0,0,
2018,105,N,2,12,6,2,2,0,0,
2018,105,R,18,449,25,6,6,0,0,
2018,105,SUM,20,461,23,8,8,0,0,
2018,106,R,13,158,12,7,7,0,0,
2018,106,SUM,13,158,12,7,7,0,0,
2018,110,R,11,209,19,6,6,0,0,
2018,110,SUM,11,209,19,6,6,0,0,
2018,111,N,1,10,10,1,1,0,0,
2018,111,R,9,102,11,8,8,0,0,
2018,111,SUM,10,112,11,9,9,0,0,
2018,112,R,3,37,12,3,3,0,0,
2018,112,SUM,3,37,12,3,3,0,0,
2018,121,R,4,74,19,2,2,0,0,
2018,121,SUM,4,74,19,2,2,0,0,
2018,122,N,1,14,14,0,0,0,0,
2018,122,R,3,24,8,1,1,0,0,
2018,122,SUM,4,38,10,1,1,0,0,
2018,125,N,1,7,7,1,1,0,0,
2018,125,R,2,43,22,2,2,0,0,
2018,125,SUM,3,50,17,3,3,0,0,
2018,126,R,1,1,1,1,1,0,0,
2018,126,SUM,1,1,1,1,1,0,0,
2018,140,R,2,15,8,1,1,0,0,
2018,140,SUM,2,15,8,1,1,0,0,
2018,141,R,2,36,18,2,2,0,0,
2018,141,SUM,2,36,18,2,2,0,0,
2018,150,R,1,13,13,1,1,0,0,
2018,150,SUM,1,13,13,1,1,0,0,
2018,210,R,4,59,15,4,4,0,0,
2018,210,SUM,4,59,15,4,4,0,0,
2018,211,R,2,12,6,2,0,2,0,
2018,211,SUM,2,12,6,2,0,2,0,
2018,212,R,4,18,5,2,2,0,0,
2018,212,SUM,4,18,5,2,2,0,0,
2018,214,R,1,24,24,0,0,0,0,
2018,214,SUM,1,24,24,0,0,0,0,
2018,215,R,1,1,1,1,1,0,0,
2018,215,SUM,1,1,1,1,1,0,0,
2018,220,R,3,103,34,1,1,0,0,
2018,220,SUM,3,103,34,1,1,0,0,
2018,230,R,4,28,7,4,4,0,0,
2018,230,SUM,4,28,7,4,4,0,0,
2018,240,R,3,48,16,2,2,0,0,
2018,240,SUM,3,48,16,2,2,0,0,
2018,250,R,1,28,28,1,1,0,0,
2018,250,SUM,1,28,28,1,1,0,0,
2018,261,R,2,20,10,2,2,0,0,
2018,261,SUM,2,20,10,2,2,0,0,
2018,270,R,3,32,11,3,3,0,0,
2018,270,SUM,3,32,11,3,3,0,0,
2018,280,R,1,2,2,0,0,0,0,
2018,280,SUM,1,2,2,0,0,0,0,
2018,285,R,2,80,40,2,2,0,0,
2018,285,SUM,2,80,40,2,2,0,0,
2018,291,R,0,0,0,0,0,0,0,
2018,291,SUM,0,0,0,0,0,0,0,
2018,292,R,0,0,0,0,0,0,0,
2018,292,SUM,0,0,0,0,0,0,0,
2018,293,R,0,0,0,0,0,0,0,
2018,293,SUM,0,0,0,0,0,0,0,
2018,300,N,1,2,2,1,1,0,0,
2018,300,R,10,91,9,7,4,2,1,
2018,300,SUM,11,93,9,8,5,2,1,
2018,301,N,2,4,2,1,1,0,0,
2018,301,R,6,30,5,6,4,2,0,
2018,301,SUM,8,34,4,7,5,2,0,
2018,302,R,2,8,4,1,1,0,0,
2018,302,SUM,2,8,4,1,1,0,0,
2018,303,R,4,45,11,4,3,1,0,
2018,303,SUM,4,45,11,4,3,1,0,
2018,309,R,3,38,13,2,2,0,0,
2018,309,SUM,3,38,13,2,2,0,0,
2018,310,N,1,12,12,1,1,0,0,
2018,310,SUM,1,12,12,1,1,0,0,
2018,311,R,5,41,8,4,4,0,0,
2018,311,SUM,5,41,8,4,4,0,0,
2018,312,R,4,67,17,3,3,0,0,
2018,312,SUM,4,67,17,3,3,0,0,
2018,314,R,1,12,12,1,1,0,0,
2018,314,SUM,1,12,12,1,1,0,0,
2018,315,N,1,7,7,1,1,0,0,
2018,315,R,1,12,12,1,1,0,0,
2018,315,SUM,2,19,10,2,2,0,0,
2018,319,R,1,5,5,1,1,0,0,
2018,319,SUM,1,5,5,1,1,0,0,
2018,320,R,6,23,4,6,4,2,0,
2018,320,SUM,6,23,4,6,4,2,0,
2018,322,R,2,3,2,2,2,0,0,
2018,322,SUM,2,3,2,2,2,0,0,
2018,323,N,0,0,0,0,0,0,0,
2018,323,R,13,142,11,13,9,3,1,
2018,323,SUM,13,142,11,13,9,3,1,
2018,324,R,10,119,12,8,6,2,0,
2018,324,SUM,10,119,12,8,6,2,0,
2018,325,R,6,50,8,6,6,0,0,
2018,325,SUM,6,50,8,6,6,0,0,
2018,326,R,4,22,6,4,4,0,0,
2018,326,SUM,4,22,6,4,4,0,0,
2018,327,R,3,26,9,3,3,0,0,
2018,327,SUM,3,26,9,3,3,0,0,
2018,329,R,2,10,5,2,2,0,0,
2018,329,SUM,2,10,5,2,2,0,0,
2018,330,R,2,14,7,2,0,2,0,
2018,330,SUM,2,14,7,2,0,2,0,
2018,331,R,12,132,11,8,7,1,0,
2018,331,SUM,12,132,11,8,7,1,0,
2018,332,R,13,56,4,13,11,3,0,
2018,332,SUM,13,56,4,13,11,3,0,
2018,333,R,0,0,0,0,0,0,0,
2018,333,SUM,0,0,0,0,0,0,0,
2018,334,R,12,54,5,11,6,4,1,
2018,334,SUM,12,54,5,11,6,4,1,
2018,335,R,0,0,0,0,0,0,0,
2018,335,SUM,0,0,0,0,0,0,0,
2018,340,R,4,20,5,3,3,0,0,
2018,340,SUM,4,20,5,3,3,0,0,
2018,341,R,3,42,14,3,3,0,0,
2018,341,SUM,3,42,14,3,3,0,0,
2018,343,R,0,0,0,0,0,0,0,
2018,343,SUM,0,0,0,0,0,0,0,
2018,350,R,2,4,2,2,2,0,0,
2018,350,SUM,2,4,2,2,2,0,0,
2018,380,R,6,92,15,5,4,1,0,
2018,380,SUM,6,92,15,5,4,1,0,
2018,382,R,2,18,9,2,2,0,0,
2018,382,SUM,2,18,9,2,2,0,0,
2018,390,R,2,20,10,2,2,0,0,
2018,390,SUM,2,20,10,2,2,0,0,
2018,398,N,1,12,12,0,0,0,0,
2018,398,R,4,53,13,1,1,0,0,
2018,398,SUM,5,65,13,1,1,0,0,
2018,399,N,0,0,0,0,0,0,0,
2018,399,R,3,6,2,3,3,0,0,
2018,399,SUM,3,6,2,3,3,0,0,
2018,401,R,2,2,1,2,2,0,0,
2018,401,SUM,2,2,1,2,2,0,0,
2018,415,R,0,0,0,0,0,0,0,
2018,415,SUM,0,0,0,0,0,0,0,
2018,441,R,1,30,30,1,1,0,0,
2018,441,SUM,1,30,30,1,1,0,0,
2018,494,R,4,37,9,4,3,1,0,
2018,494,SUM,4,37,9,4,3,1,0,
2018,496,R,4,40,10,3,1,0,1,
2018,496,SUM,4,40,10,3,1,0,1,
2018,513,R,1,14,14,1,1,0,0,
2018,513,SUM,1,14,14,1,1,0,0,
2018,514,R,6,49,8,6,6,0,0,
2018,514,SUM,6,49,8,6,6,0,0,
2018,516,R,2,8,4,2,2,0,0,
2018,516,SUM,2,8,4,2,2,0,0,
2018,600,R,6,62,10,5,5,0,0,
2018,600,SUM,6,62,10,5,5,0,0,
2018,Reg_1,N,5,43,9,4,4,0,0,
2018,Reg_1,R,105,1773,17,63,63,0,0,
2018,Reg_1,SUM,110,1816,17,67,67,0,0,
2018,Reg_2,R,31,454,15,24,22,2,0,
2018,Reg_2,SUM,31,454,15,24,22,2,0,
2018,Reg_3,N,6,37,6,4,4,0,0,
2018,Reg_3,R,147,1254,9,128,103,22,3,
2018,Reg_3,SUM,153,1291,8,132,107,22,3,
2018,Reg_4,R,11,109,10,10,7,1,1,
2018,Reg_4,SUM,11,109,10,10,7,1,1,
2018,Reg_5,R,9,71,8,9,9,0,0,
2018,Reg_5,SUM,9,71,8,9,9,0,0,
2018,Reg_6,R,6,62,10,5,5,0,0,
2018,Reg_6,SUM,6,62,10,5,5,0,0,
2018,State,N,11,80,7,8,8,0,0,
2018,State,R,310,3739,12,238,208,25,5,
2018,State,SUM,321,3819,12,246,216,25,5,