License Year, Hunting District,Residency,Hunters,Days,Days per Hunter,Total Harvest,Rams,Ewes,Lambs
2005,102,R,1,9,9,1,1,0,0,
2005,102,SUM,1,9,9,1,1,0,0,
2005,121,R,9,94,10,9,9,0,0,
2005,121,SUM,9,94,10,9,9,0,0,
2005,122,R,9,102,11,8,6,2,0,
2005,122,SUM,9,102,11,8,6,2,0,
2005,123,R,5,35,7,5,4,1,0,
2005,123,SUM,5,35,7,5,4,1,0,
2005,124,N,0,0,0,0,0,0,0,
2005,124,R,27,193,7,22,10,12,0,
2005,124,SUM,27,193,7,22,10,12,0,
2005,203,R,8,100,13,8,3,5,0,
2005,203,SUM,8,100,13,8,3,5,0,
2005,210,R,4,30,8,4,4,0,0,
2005,210,SUM,4,30,8,4,4,0,0,
2005,212,R,1,1,1,1,1,0,0,
2005,212,SUM,1,1,1,1,1,0,0,
2005,213,R,11,46,4,11,6,5,0,
2005,213,SUM,11,46,4,11,6,5,0,
2005,216,N,1,1,1,1,0,1,0,
2005,216,R,17,96,6,16,7,8,0,
2005,216,SUM,18,97,5,17,7,9,0,
2005,250,R,2,15,8,2,2,0,0,
2005,250,SUM,2,15,8,2,2,0,0,
2005,261,R,2,33,17,2,2,0,0,
2005,261,SUM,2,33,17,2,2,0,0,
2005,270,R,16,143,9,16,8,8,0,
2005,270,SUM,16,143,9,16,8,8,0,
2005,283,R,8,44,6,8,3,5,0,
2005,283,SUM,8,44,6,8,3,5,0,
2005,300,N,9,34,4,1,1,0,0,
2005,300,R,20,75,4,1,0,0,0,
2005,300,SUM,29,109,4,2,1,0,0,
2005,303,N,4,28,8,1,1,0,0,
2005,303,R,11,103,9,2,2,0,0,
2005,303,SUM,15,131,9,3,3,0,0,
2005,304,R,1,1,1,1,1,0,0,
2005,304,SUM,1,1,1,1,1,0,0,
2005,305,R,1,10,10,1,1,0,0,
2005,305,SUM,1,10,10,1,1,0,0,
2005,315,R,2,24,12,2,2,0,0,
2005,315,SUM,2,24,12,2,2,0,0,
2005,340,R,3,14,5,3,3,0,0,
2005,340,SUM,3,14,5,3,3,0,0,
2005,380,R,3,17,6,3,3,0,0,
2005,380,SUM,3,17,6,3,3,0,0,
2005,381,R,1,8,8,1,1,0,0,
2005,381,SUM,1,8,8,1,1,0,0,
2005,421,R,1,9,9,1,1,0,0,
2005,421,SUM,1,9,9,1,1,0,0,
2005,422,R,19,57,3,18,5,13,0,
2005,422,SUM,19,57,3,18,5,13,0,
2005,423,R,15,58,4,11,2,9,0,
2005,423,SUM,15,58,4,11,2,9,0,
2005,424,R,16,61,4,14,5,9,0,
2005,424,SUM,16,61,4,14,5,9,0,
2005,441,R,5,20,4,5,5,0,0,
2005,441,SUM,5,20,4,5,5,0,0,
2005,455,R,1,3,3,1,1,0,0,
2005,455,SUM,1,3,3,1,1,0,0,
2005,482,N,1,1,1,1,1,0,0,
2005,482,R,10,69,7,10,9,1,0,
2005,482,SUM,11,70,6,11,10,1,0,
2005,500,N,15,113,8,0,0,0,0,
2005,500,R,11,76,7,1,1,0,0,
2005,500,SUM,25,189,7,1,1,0,0,
2005,501,N,4,22,5,1,1,0,0,
2005,501,R,37,145,4,2,2,0,0,
2005,501,SUM,41,167,4,3,3,0,0,
2005,503,R,3,7,2,3,3,0,0,
2005,503,SUM,3,7,2,3,3,0,0,
2005,622,R,4,29,7,4,4,0,0,
2005,622,SUM,4,29,7,4,4,0,0,
2005,680,N,1,5,5,1,1,0,0,
2005,680,R,33,145,5,27,14,10,0,
2005,680,SUM,34,150,5,28,15,10,0,
2005,Reg_1,N,0,0,0,0,0,0,0,
2005,Reg_1,R,51,433,9,45,30,15,0,
2005,Reg_1,SUM,51,433,9,45,30,15,0,
2005,Reg_2,N,1,1,1,1,0,1,0,
2005,Reg_2,R,69,508,7,68,36,31,0,
2005,Reg_2,SUM,70,509,7,69,36,32,0,
2005,Reg_3,N,13,62,5,2,2,0,0,
2005,Reg_3,R,42,252,6,14,13,0,0,
2005,Reg_3,SUM,55,314,6,16,15,0,0,
2005,Reg_4,N,1,1,1,1,1,0,0,
2005,Reg_4,R,67,277,4,59,28,31,0,
2005,Reg_4,SUM,68,278,4,60,29,31,0,
2005,Reg_5,N,19,134,7,1,1,0,0,
2005,Reg_5,R,50,228,5,6,6,0,0,
2005,Reg_5,SUM,69,363,5,7,7,0,0,
2005,Reg_6,N,1,5,5,1,1,0,0,
2005,Reg_6,R,37,175,5,31,18,10,0,
2005,Reg_6,SUM,38,180,5,32,19,10,0,
2005,State,N,36,226,6,6,5,1,0,
2005,State,R,316,1873,6,223,131,88,0,
2005,State,SUM,352,2100,6,230,137,89,0,
2006,122,R,4,23,6,1,0,1,0,
2006,122,SUM,4,23,6,1,0,1,0,
2006,124,N,0,0,0,0,0,0,0,
2006,124,R,18,496,28,17,0,17,0,
2006,124,SUM,18,496,28,17,0,17,0,
2006,203,R,4,16,4,4,0,4,0,
2006,203,SUM,4,16,4,4,0,4,0,
2006,210,N,0,0,0,0,0,0,0,
2006,210,R,8,13,2,8,0,8,0,
2006,210,SUM,8,13,2,8,0,8,0,
2006,213,R,5,12,2,5,0,5,0,
2006,213,SUM,5,12,2,5,0,5,0,
2006,216,R,9,1572,175,9,0,9,0,
2006,216,SUM,9,1572,175,9,0,9,0,
2006,270,N,0,0,0,0,0,0,0,
2006,270,R,7,25,4,6,0,6,0,
2006,270,SUM,7,25,4,6,0,6,0,
2006,283,R,5,19,4,5,0,5,0,
2006,283,SUM,5,19,4,5,0,5,0,
2006,380,R,2,3,2,2,0,2,0,
2006,380,SUM,2,3,2,2,0,2,0,
2006,422,R,18,50,3,17,0,17,0,
2006,422,SUM,18,50,3,17,0,17,0,
2006,423,N,1,4,4,1,0,1,0,
2006,423,R,7,21,3,6,0,6,0,
2006,423,SUM,8,25,3,7,0,7,0,
2006,424,R,15,53,4,14,0,14,0,
2006,424,SUM,15,53,4,14,0,14,0,
2006,482,N,0,0,0,0,0,0,0,
2006,482,R,12,17,1,12,0,12,0,
2006,482,SUM,12,17,1,12,0,12,0,
2006,680,N,1,1,1,1,0,1,0,
2006,680,R,27,64,2,20,0,20,0,
2006,680,SUM,28,65,2,21,0,21,0,
2006,Reg_1,N,0,0,0,0,0,0,0,
2006,Reg_1,R,22,519,24,18,0,18,0,
2006,Reg_1,SUM,22,519,24,18,0,18,0,
2006,Reg_2,N,0,0,0,0,0,0,0,
2006,Reg_2,R,38,1657,44,37,0,37,0,
2006,Reg_2,SUM,38,1657,44,37,0,37,0,
2006,Reg_3,R,2,3,2,2,0,2,0,
2006,Reg_3,SUM,2,3,2,2,0,2,0,
2006,Reg_4,N,1,4,4,1,0,1,0,
2006,Reg_4,R,52,141,3,48,0,48,0,
2006,Reg_4,SUM,53,145,3,49,0,49,0,
2006,Reg_6,N,1,1,1,1,0,1,0,
2006,Reg_6,R,27,64,2,20,0,20,0,
2006,Reg_6,SUM,28,65,2,21,0,21,0,
2006,State,N,2,5,3,2,0,2,0,
2006,State,R,141,2383,17,126,0,126,0,
2006,State,SUM,143,2388,17,128,0,128,0,
2007,100,R,1,0,0,1,1,0,0,
2007,100,SUM,1,0,0,1,1,0,0,
2007,102,R,1,8,8,1,1,0,0,
2007,102,SUM,1,8,8,1,1,0,0,
2007,121,N,1,8,8,1,1,0,0,
2007,121,R,9,58,6,9,9,0,0,
2007,121,SUM,10,66,7,10,10,0,0,
2007,122,R,6,65,8,6,6,0,0,
2007,122,SUM,6,65,8,6,6,0,0,
2007,123,R,5,87,21,4,3,1,0,
2007,123,SUM,5,87,21,4,3,1,0,
2007,124,N,3,11,6,3,2,1,0,
2007,124,R,22,121,5,19,12,7,0,
2007,124,SUM,25,132,5,22,14,8,0,
2007,203,N,2,4,2,2,1,1,0,
2007,203,R,13,97,8,13,4,9,0,
2007,203,SUM,15,101,7,15,5,10,0,
2007,210,N,0,0,0,0,0,0,0,
2007,210,R,10,26,2,10,4,6,0,
2007,210,SUM,10,26,2,10,4,6,0,
2007,212,R,1,8,8,1,1,0,0,
2007,212,SUM,1,8,8,1,1,0,0,
2007,213,R,28,148,5,28,9,19,0,
2007,213,SUM,28,148,5,28,9,19,0,
2007,216,N,0,0,0,0,0,0,0,
2007,216,R,20,58,3,18,4,14,0,
2007,216,SUM,20,58,3,18,4,14,0,
2007,250,R,3,48,16,2,2,0,0,
2007,250,SUM,3,48,16,2,2,0,0,
2007,261,R,5,21,4,5,5,0,0,
2007,261,SUM,5,21,4,5,5,0,0,
2007,270,N,2,3,2,2,1,1,0,
2007,270,R,15,70,5,15,7,8,0,
2007,270,SUM,17,73,4,17,8,9,0,
2007,283,N,0,0,0,0,0,0,0,
2007,283,R,9,50,5,9,3,6,0,
2007,283,SUM,9,50,5,9,3,6,0,
2007,300,N,6,39,7,0,0,0,0,
2007,300,R,26,172,7,0,0,0,0,
2007,300,SUM,32,211,7,0,0,0,0,
2007,303,N,1,7,7,0,0,0,0,
2007,303,R,21,262,12,3,3,0,0,
2007,303,SUM,22,269,12,3,3,0,0,
2007,304,R,1,13,13,1,1,0,0,
2007,304,SUM,1,13,13,1,1,0,0,
2007,305,R,1,9,9,1,1,0,0,
2007,305,SUM,1,9,9,1,1,0,0,
2007,315,R,2,25,13,2,2,0,0,
2007,315,SUM,2,25,13,2,2,0,0,
2007,380,R,11,57,5,11,4,7,0,
2007,380,SUM,11,57,5,11,4,7,0,
2007,381,R,1,1,1,1,1,0,0,
2007,381,SUM,1,1,1,1,1,0,0,
2007,421,R,2,3,2,2,2,0,0,
2007,421,SUM,2,3,2,2,2,0,0,
2007,422,N,2,2,1,0,0,0,0,
2007,422,R,22,55,3,22,6,16,0,
2007,422,SUM,24,57,2,22,6,16,0,
2007,423,N,0,0,0,0,0,0,0,
2007,423,R,14,69,5,11,6,5,0,
2007,423,SUM,14,69,5,11,6,5,0,
2007,424,N,1,1,0,1,1,0,0,
2007,424,R,18,99,6,14,5,9,0,
2007,424,SUM,19,100,6,15,6,9,0,
2007,441,N,1,3,3,1,1,0,0,
2007,441,R,4,52,13,4,4,0,0,
2007,441,SUM,5,55,11,5,5,0,0,
2007,455,R,1,14,14,1,1,0,0,
2007,455,SUM,1,14,14,1,1,0,0,
2007,482,N,1,4,4,1,1,0,0,
2007,482,R,31,186,6,31,15,16,0,
2007,482,SUM,32,190,6,32,16,16,0,
2007,500,N,9,76,9,1,1,0,0,
2007,500,R,23,64,3,3,2,0,0,
2007,500,SUM,31,140,5,4,3,0,0,
2007,501,N,16,112,7,1,1,0,0,
2007,501,R,34,184,6,2,2,0,0,
2007,501,SUM,50,296,6,3,3,0,0,
2007,503,R,3,62,21,3,3,0,0,
2007,503,SUM,3,62,21,3,3,0,0,
2007,622,N,1,2,2,1,1,0,0,
2007,622,R,6,46,8,6,6,0,0,
2007,622,SUM,7,48,7,7,7,0,0,
2007,680,N,3,5,2,3,0,3,0,
2007,680,R,53,138,3,45,18,27,0,
2007,680,SUM,56,143,3,48,18,30,0,
2007,Reg_1,N,4,19,5,4,3,1,0,
2007,Reg_1,R,44,339,8,40,32,8,0,
2007,Reg_1,SUM,48,358,8,44,35,9,0,
2007,Reg_2,N,4,7,1,4,2,2,0,
2007,Reg_2,R,104,526,5,101,39,63,0,
2007,Reg_2,SUM,108,533,5,105,41,65,0,
2007,Reg_3,N,7,46,7,0,0,0,0,
2007,Reg_3,R,63,539,9,19,12,7,0,
2007,Reg_3,SUM,70,585,8,19,12,7,0,
2007,Reg_4,N,5,10,2,3,3,0,0,
2007,Reg_4,R,92,478,5,84,39,45,0,
2007,Reg_4,SUM,97,488,5,87,42,45,0,
2007,Reg_5,N,25,188,8,2,2,0,0,
2007,Reg_5,R,59,310,5,8,7,0,0,
2007,Reg_5,SUM,84,498,6,10,9,0,0,
2007,Reg_6,N,4,7,1,4,1,3,0,
2007,Reg_6,R,59,184,3,51,24,27,0,
2007,Reg_6,SUM,63,191,3,55,25,30,0,
2007,State,N,51,280,6,17,11,6,0,
2007,State,R,422,2376,6,304,153,150,0,
2007,State,SUM,473,2656,6,321,164,156,0,
2008,100,R,2,20,10,2,2,0,0,
2008,100,SUM,2,20,10,2,2,0,0,
2008,102,R,1,15,15,1,1,0,0,
2008,102,SUM,1,15,15,1,1,0,0,
2008,121,N,1,7,7,1,1,0,0,
2008,121,R,11,51,5,11,8,3,0,
2008,121,SUM,12,58,5,12,9,3,0,
2008,122,N,1,5,5,1,1,0,0,
2008,122,R,9,65,6,9,5,4,0,
2008,122,SUM,10,70,6,10,6,4,0,
2008,123,R,5,77,15,4,3,1,0,
2008,123,SUM,5,77,15,4,3,1,0,
2008,124,N,1,2,1,1,1,0,0,
2008,124,R,26,128,5,21,7,14,0,
2008,124,SUM,27,130,5,22,8,14,0,
2008,203,N,0,0,0,0,0,0,0,
2008,203,R,11,123,10,10,5,5,0,
2008,203,SUM,11,123,10,10,5,5,0,
2008,210,N,1,3,3,1,1,0,0,
2008,210,R,10,80,7,10,8,2,0,
2008,210,SUM,11,83,7,11,9,2,0,
2008,212,N,1,5,5,1,1,0,0,
2008,212,SUM,1,5,5,1,1,0,0,
2008,213,N,2,40,20,0,0,0,0,
2008,213,R,22,140,6,18,7,11,0,
2008,213,SUM,24,180,8,18,7,11,0,
2008,216,N,1,4,4,1,0,1,0,
2008,216,R,22,133,6,19,7,12,0,
2008,216,SUM,23,137,6,20,7,13,0,
2008,250,R,3,44,15,3,3,0,0,
2008,250,SUM,3,44,15,3,3,0,0,
2008,261,R,5,42,8,5,5,0,0,
2008,261,SUM,5,42,8,5,5,0,0,
2008,270,N,0,0,0,0,0,0,0,
2008,270,R,14,41,3,14,8,6,0,
2008,270,SUM,14,41,3,14,8,6,0,
2008,283,R,12,58,5,11,3,8,0,
2008,283,SUM,12,58,5,11,3,8,0,
2008,300,N,3,17,3,1,1,0,0,
2008,300,R,21,70,3,2,1,0,0,
2008,300,SUM,25,86,3,3,2,0,0,
2008,301,R,5,62,12,5,5,0,0,
2008,301,SUM,5,62,12,5,5,0,0,
2008,303,N,10,83,9,2,2,0,0,
2008,303,R,17,135,8,1,1,0,0,
2008,303,SUM,27,217,8,3,3,0,0,
2008,304,R,1,13,13,0,0,0,0,
2008,304,SUM,1,13,13,0,0,0,0,
2008,305,R,1,15,15,1,1,0,0,
2008,305,SUM,1,15,15,1,1,0,0,
2008,315,R,2,37,19,2,2,0,0,
2008,315,SUM,2,37,19,2,2,0,0,
2008,381,R,1,30,30,1,1,0,0,
2008,381,SUM,1,30,30,1,1,0,0,
2008,421,N,1,5,5,1,1,0,0,
2008,421,R,1,13,13,1,1,0,0,
2008,421,SUM,2,18,9,2,2,0,0,
2008,422,N,1,1,1,1,1,0,0,
2008,422,R,24,79,3,22,6,16,0,
2008,422,SUM,25,80,3,23,7,16,0,
2008,423,N,1,4,4,1,1,0,0,
2008,423,R,12,76,6,4,4,0,0,
2008,423,SUM,13,80,6,5,5,0,0,
2008,424,R,23,114,5,16,6,10,0,
2008,424,SUM,23,114,5,16,6,10,0,
2008,441,R,4,22,4,4,4,0,0,
2008,441,SUM,4,22,4,4,4,0,0,
2008,455,R,2,10,5,2,2,0,0,
2008,455,SUM,2,10,5,2,2,0,0,
2008,482,N,1,2,1,1,1,0,0,
2008,482,R,29,129,4,29,13,16,0,
2008,482,SUM,30,131,4,30,14,16,0,
2008,500,N,7,53,8,0,0,0,0,
2008,500,R,28,150,6,0,0,0,0,
2008,500,SUM,34,202,6,0,0,0,0,
2008,501,N,14,79,6,1,1,0,0,
2008,501,R,40,281,7,2,2,0,0,
2008,501,SUM,54,361,7,3,3,0,0,
2008,502,N,4,25,7,0,0,0,0,
2008,502,R,24,283,12,1,1,0,0,
2008,502,SUM,28,308,11,1,1,0,0,
2008,503,R,3,22,7,3,3,0,0,
2008,503,SUM,3,22,7,3,3,0,0,
2008,620,N,0,0,0,0,0,0,0,
2008,620,R,0,0,0,0,0,0,0,
2008,620,SUM,0,0,0,0,0,0,0,
2008,622,R,8,50,6,8,6,2,0,
2008,622,SUM,8,50,6,8,6,2,0,
2008,680,N,3,11,2,3,2,1,0,
2008,680,R,59,301,5,39,17,22,0,
2008,680,SUM,62,312,5,42,19,23,0,
2008,Reg_1,N,3,14,3,3,3,0,0,
2008,Reg_1,R,53,356,6,47,26,21,0,
2008,Reg_1,SUM,56,9,2,50,29,21,0,
2008,Reg_2,N,5,52,12,3,2,1,0,
2008,Reg_2,R,99,661,6,90,46,44,0,
2008,Reg_2,SUM,104,19,3,93,48,45,0,
2008,Reg_3,N,13,99,8,3,3,0,0,
2008,Reg_3,R,49,361,7,12,11,0,0,
2008,Reg_3,SUM,61,15,5,15,14,0,0,
2008,Reg_4,N,4,12,2,4,4,0,0,
2008,Reg_4,R,95,443,5,79,36,43,0,
2008,Reg_4,SUM,99,6,2,83,40,43,0,
2008,Reg_5,N,24,157,6,1,1,0,0,
2008,Reg_5,R,95,736,8,6,6,0,0,
2008,Reg_5,SUM,119,14,7,7,7,0,0,
2008,Reg_6,N,3,11,2,3,2,1,0,
2008,Reg_6,R,67,351,5,47,23,24,0,
2008,Reg_6,SUM,70,7,3,50,25,25,0,
2008,State,N,53,349,7,17,15,2,0,
2008,State,R,458,2912,6,281,148,132,0,
2008,State,SUM,511,3260,6,298,163,134,0,
2009,100,R,2,21,11,2,2,0,0,
2009,100,SUM,2,21,11,2,2,0,0,
2009,102,R,1,15,15,1,1,0,0,
2009,102,SUM,1,15,15,1,1,0,0,
2009,121,N,1,1,1,1,1,0,0,
2009,121,R,14,105,8,14,9,5,0,
2009,121,SUM,15,106,8,15,10,5,0,
2009,122,N,0,0,0,0,0,0,0,
2009,122,R,13,72,5,11,5,6,0,
2009,122,SUM,13,72,5,11,5,6,0,
2009,123,R,5,96,19,2,2,0,0,
2009,123,SUM,5,96,19,2,2,0,0,
2009,124,N,1,1,1,1,1,0,0,
2009,124,R,7,52,7,7,5,2,0,
2009,124,SUM,8,53,6,8,6,2,0,
2009,203,N,0,0,0,0,0,0,0,
2009,203,R,9,147,16,9,5,4,0,
2009,203,SUM,9,147,15,9,5,4,0,
2009,210,N,1,6,6,1,1,0,0,
2009,210,R,5,57,11,4,3,1,0,
2009,210,SUM,6,63,11,5,4,1,0,
2009,212,R,1,22,22,1,1,0,0,
2009,212,SUM,1,22,22,1,1,0,0,
2009,213,N,1,1,1,0,0,0,0,
2009,213,R,38,199,5,38,8,30,0,
2009,213,SUM,39,200,5,38,8,30,0,
2009,216,N,0,0,0,0,0,0,0,
2009,216,R,27,173,7,26,8,16,1,
2009,216,SUM,27,173,6,26,8,16,1,
2009,250,N,2,7,4,2,2,0,0,
2009,250,R,1,8,8,1,1,0,0,
2009,250,SUM,3,15,5,3,3,0,0,
2009,261,N,1,5,5,1,1,0,0,
2009,261,R,4,50,13,4,4,0,0,
2009,261,SUM,5,55,11,5,5,0,0,
2009,270,N,0,0,0,0,0,0,0,
2009,270,R,17,129,8,17,8,9,0,
2009,270,SUM,17,129,7,17,8,9,0,
2009,283,R,8,53,7,5,2,3,0,
2009,283,SUM,8,53,7,5,2,3,0,
2009,300,N,9,52,6,1,1,0,0,
2009,300,R,21,89,4,1,1,0,0,
2009,300,SUM,30,141,5,2,2,0,0,
2009,301,R,5,42,8,5,5,0,0,
2009,301,SUM,5,42,8,5,5,0,0,
2009,303,N,3,33,11,0,0,0,0,
2009,303,R,15,107,7,0,0,0,0,
2009,303,SUM,18,140,8,0,0,0,0,
2009,304,R,1,30,30,0,0,0,0,
2009,304,SUM,1,30,30,0,0,0,0,
2009,305,R,1,20,20,1,1,0,0,
2009,305,SUM,1,20,20,1,1,0,0,
2009,315,R,2,22,11,2,2,0,0,
2009,315,SUM,2,22,11,2,2,0,0,
2009,381,R,1,5,5,1,1,0,0,
2009,381,SUM,1,5,5,1,1,0,0,
2009,421,N,1,8,8,1,1,0,0,
2009,421,R,1,8,8,1,1,0,0,
2009,421,SUM,2,16,8,2,2,0,0,
2009,422,N,0,0,0,0,0,0,0,
2009,422,R,30,106,3,30,8,21,1,
2009,422,SUM,30,106,3,30,8,21,1,
2009,423,N,0,0,0,0,0,0,0,
2009,423,R,12,56,5,10,5,5,0,
2009,423,SUM,12,56,5,10,5,5,0,
2009,424,N,0,0,0,0,0,0,0,
2009,424,R,27,146,5,22,4,18,0,
2009,424,SUM,27,146,5,22,4,18,0,
2009,441,N,1,2,2,1,1,0,0,
2009,441,R,4,31,8,3,3,0,0,
2009,441,SUM,5,33,7,4,4,0,0,
2009,455,R,1,3,3,1,1,0,0,
2009,455,SUM,1,3,3,1,1,0,0,
2009,482,N,2,6,4,2,1,1,0,
2009,482,R,30,180,6,26,14,12,0,
2009,482,SUM,32,186,6,28,15,13,0,
2009,500,N,5,45,10,1,1,0,0,
2009,500,R,14,66,5,1,1,0,0,
2009,500,SUM,18,110,6,2,2,0,0,
2009,501,N,6,47,8,0,0,0,0,
2009,501,R,50,295,6,2,2,0,0,
2009,501,SUM,56,342,6,2,2,0,0,
2009,502,N,7,48,7,0,0,0,0,
2009,502,R,18,178,10,1,1,0,0,
2009,502,SUM,25,226,9,1,1,0,0,
2009,503,R,3,16,5,3,3,0,0,
2009,503,SUM,3,16,5,3,3,0,0,
2009,622,R,8,43,5,8,7,1,0,
2009,622,SUM,8,43,5,8,7,1,0,
2009,680,N,3,11,3,2,2,0,0,
2009,680,R,66,286,4,46,17,29,0,
2009,680,SUM,69,297,4,48,19,29,0,
2009,Reg_1,N,2,2,1,2,2,0,0,
2009,Reg_1,R,42,361,9,37,24,13,0,
2009,Reg_1,SUM,44,363,8,39,26,13,0,
2009,Reg_2,N,5,19,3,4,4,0,0,
2009,Reg_2,R,110,839,8,104,40,63,1,
2009,Reg_2,SUM,115,858,7,108,44,63,1,
2009,Reg_3,N,12,85,7,1,1,0,0,
2009,Reg_3,R,46,315,7,10,10,0,0,
2009,Reg_3,SUM,58,401,7,11,11,0,0,
2009,Reg_4,N,4,16,5,4,3,1,0,
2009,Reg_4,R,105,530,5,94,36,57,1,
2009,Reg_4,SUM,109,546,5,98,39,58,1,
2009,Reg_5,N,18,140,8,1,1,0,0,
2009,Reg_5,R,84,554,7,7,7,0,0,
2009,Reg_5,SUM,102,694,7,8,8,0,0,
2009,Reg_6,N,3,11,3,2,2,0,0,
2009,Reg_6,R,74,329,4,54,24,30,0,
2009,Reg_6,SUM,77,340,4,56,26,30,0,
2009,State,N,46,286,7,14,13,1,0,
2009,State,R,460,2928,6,306,141,162,2,
2009,State,SUM,506,3214,6,320,154,163,2,
2010,100,R,2,13,7,2,2,0,0,
2010,100,SUM,2,13,7,2,2,0,0,
2010,102,R,1,32,32,1,1,0,0,
2010,102,SUM,1,32,32,1,1,0,0,
2010,121,N,1,20,20,1,1,0,0,
2010,121,R,14,66,5,14,9,5,0,
2010,121,SUM,15,86,6,15,10,5,0,
2010,122,R,11,56,6,11,5,5,1,
2010,122,SUM,11,56,6,11,5,5,1,
2010,123,R,5,101,20,3,3,0,0,
2010,123,SUM,5,101,20,3,3,0,0,
2010,124,N,1,2,2,1,1,0,0,
2010,124,R,7,38,7,7,7,0,0,
2010,124,SUM,8,40,6,8,8,0,0,
2010,203,N,1,6,6,1,1,0,0,
2010,203,R,8,24,4,8,4,4,0,
2010,203,SUM,9,30,4,9,5,4,0,
2010,212,R,1,14,14,1,1,0,0,
2010,212,SUM,1,14,14,1,1,0,0,
2010,213,N,0,0,0,0,0,0,0,
2010,213,R,24,77,5,17,10,7,0,
2010,213,SUM,24,77,5,17,10,7,0,
2010,250,R,3,89,30,3,2,0,1,
2010,250,SUM,3,89,30,3,2,0,1,
2010,261,R,5,82,25,5,5,0,0,
2010,261,SUM,5,82,25,5,5,0,0,
2010,270,R,2,30,15,2,1,0,0,
2010,270,SUM,2,30,15,2,1,0,0,
2010,300,N,10,63,7,1,1,0,0,
2010,300,R,22,96,4,0,0,0,0,
2010,300,SUM,31,159,5,1,1,0,0,
2010,301,N,1,4,4,1,1,0,0,
2010,301,R,4,61,15,4,3,0,1,
2010,301,SUM,5,65,13,5,4,0,1,
2010,302,R,2,6,3,2,1,0,1,
2010,302,SUM,2,6,3,2,1,0,1,
2010,303,N,3,50,20,0,0,0,0,
2010,303,R,21,167,8,1,1,0,0,
2010,303,SUM,23,217,9,1,1,0,0,
2010,304,R,0,0,0,0,0,0,0,
2010,304,SUM,0,0,0,0,0,0,0,
2010,305,R,1,3,3,0,0,0,0,
2010,305,SUM,1,3,3,0,0,0,0,
2010,315,R,2,22,11,2,2,0,0,
2010,315,SUM,2,22,11,2,2,0,0,
2010,421,R,2,30,15,2,2,0,0,
2010,421,SUM,2,30,15,2,2,0,0,
2010,422,N,1,5,5,1,1,0,0,
2010,422,R,31,132,5,26,8,18,0,
2010,422,SUM,32,137,5,27,9,18,0,
2010,423,N,1,9,9,1,1,0,0,
2010,423,R,12,64,6,7,4,3,0,
2010,423,SUM,13,73,6,8,5,3,0,
2010,424,N,1,2,2,1,1,0,0,
2010,424,R,19,62,5,17,5,12,0,
2010,424,SUM,20,64,4,18,6,12,0,
2010,441,N,1,5,5,1,1,0,0,
2010,441,R,4,38,10,2,2,0,0,
2010,441,SUM,5,43,10,3,3,0,0,
2010,455,R,1,15,15,1,1,0,0,
2010,455,SUM,1,15,15,1,1,0,0,
2010,482,N,1,6,6,1,1,0,0,
2010,482,R,36,179,5,33,19,14,0,
2010,482,SUM,37,185,5,34,20,14,0,
2010,500,N,8,59,8,1,1,0,0,
2010,500,R,11,58,5,1,1,0,0,
2010,500,SUM,19,117,6,2,2,0,0,
2010,501,N,12,117,10,3,2,0,1,
2010,501,R,48,274,6,0,0,0,0,
2010,501,SUM,60,391,7,3,2,0,1,
2010,502,N,1,13,13,0,0,0,0,
2010,502,R,19,160,9,0,0,0,0,
2010,502,SUM,20,173,9,0,0,0,0,
2010,503,R,3,22,8,3,3,0,0,
2010,503,SUM,3,22,8,3,3,0,0,
2010,622,N,1,1,1,1,1,0,0,
2010,622,R,6,30,6,6,6,0,0,
2010,622,SUM,7,31,5,7,7,0,0,
2010,680,N,5,22,5,2,1,0,1,
2010,680,R,73,345,5,54,17,29,8,
2010,680,SUM,78,367,5,56,18,29,9,
2010,Reg_1,N,2,22,11,2,2,0,0,
2010,Reg_1,R,40,306,9,38,27,10,0,
2010,Reg_1,SUM,42,328,9,40,29,10,0,
2010,Reg_2,N,1,6,6,1,1,0,0,
2010,Reg_2,R,43,316,9,36,23,11,1,
2010,Reg_2,SUM,44,322,9,37,24,11,1,
2010,Reg_3,N,13,117,9,2,2,0,0,
2010,Reg_3,R,52,355,7,9,7,0,0,
2010,Reg_3,SUM,65,472,7,11,9,0,0,
2010,Reg_4,N,5,27,5,5,5,0,0,
2010,Reg_4,R,104,519,6,87,41,46,0,
2010,Reg_4,SUM,109,546,6,92,46,46,0,
2010,Reg_5,N,21,189,9,4,3,0,0,
2010,Reg_5,R,80,514,7,4,4,0,0,
2010,Reg_5,SUM,101,703,7,8,7,0,0,
2010,Reg_6,N,6,23,4,3,2,0,0,
2010,Reg_6,R,79,375,5,60,23,29,0,
2010,Reg_6,SUM,85,398,5,63,25,29,0,
2010,State,N,50,389,8,17,15,0,0,
2010,State,R,396,2384,7,233,125,96,1,
2010,State,SUM,447,2773,7,250,140,96,1,
2011,100,N,1,2,2,1,1,0,0,
2011,100,R,1,11,11,1,1,0,0,
2011,100,SUM,2,13,7,2,2,0,0,
2011,102,N,1,8,8,1,1,0,0,
2011,102,SUM,1,8,8,1,1,0,0,
2011,121,N,1,2,2,1,1,0,0,
2011,121,R,10,110,11,10,9,1,0,
2011,121,SUM,11,112,10,11,10,1,0,
2011,122,R,14,127,9,12,6,6,0,
2011,122,SUM,14,127,9,12,6,6,0,
2011,123,R,4,56,14,4,4,0,0,
2011,123,SUM,4,56,14,4,4,0,0,
2011,124,R,9,83,9,9,8,1,0,
2011,124,SUM,9,83,9,9,8,1,0,
2011,203,N,1,2,2,1,0,1,0,
2011,203,R,19,90,5,17,5,12,0,
2011,203,SUM,20,92,5,18,5,13,0,
2011,212,R,0,0,0,0,0,0,0,
2011,212,SUM,0,0,0,0,0,0,0,
2011,250,R,3,21,7,3,2,0,0,
2011,250,SUM,3,21,7,3,2,0,0,
2011,261,R,5,78,16,5,5,0,0,
2011,261,SUM,5,78,16,5,5,0,0,
2011,270,R,2,3,2,2,2,0,0,
2011,270,SUM,2,3,2,2,2,0,0,
2011,300,N,7,22,3,3,2,0,0,
2011,300,R,26,85,3,1,1,0,0,
2011,300,SUM,33,107,3,4,3,0,0,
2011,301,R,5,37,7,5,5,0,0,
2011,301,SUM,5,37,7,5,5,0,0,
2011,302,N,1,22,22,0,0,0,0,
2011,302,R,1,12,12,1,1,0,0,
2011,302,SUM,2,34,17,1,1,0,0,
2011,303,N,3,48,15,0,0,0,0,
2011,303,R,26,197,8,1,1,0,0,
2011,303,SUM,29,245,8,1,1,0,0,
2011,304,R,1,15,15,1,1,0,0,
2011,304,SUM,1,15,15,1,1,0,0,
2011,305,R,0,0,0,0,0,0,0,
2011,305,SUM,0,0,0,0,0,0,0,
2011,315,R,2,33,17,2,2,0,0,
2011,315,SUM,2,33,17,2,2,0,0,
2011,421,N,1,2,2,1,1,0,0,
2011,421,R,1,3,3,1,1,0,0,
2011,421,SUM,2,5,3,2,2,0,0,
2011,422,N,1,2,2,1,1,0,0,
2011,422,R,7,26,4,7,3,4,0,
2011,422,SUM,8,28,4,8,4,4,0,
2011,423,R,3,11,4,3,3,0,0,
2011,423,SUM,3,11,4,3,3,0,0,
2011,424,R,6,60,11,4,4,0,0,
2011,424,SUM,6,60,11,4,4,0,0,
2011,441,R,5,40,8,3,3,0,0,
2011,441,SUM,5,40,8,3,3,0,0,
2011,455,R,1,30,30,1,1,0,0,
2011,455,SUM,1,30,30,1,1,0,0,
2011,482,N,1,2,2,1,1,0,0,
2011,482,R,29,147,5,27,14,13,0,
2011,482,SUM,30,149,5,28,15,13,0,
2011,500,N,9,102,11,1,1,0,0,
2011,500,R,29,191,7,0,0,0,0,
2011,500,SUM,39,293,8,1,1,0,0,
2011,501,N,8,57,7,0,0,0,0,
2011,501,R,34,225,7,1,1,0,0,
2011,501,SUM,42,282,7,1,1,0,0,
2011,502,N,4,26,7,0,0,0,0,
2011,502,R,14,169,12,0,0,0,0,
2011,502,SUM,18,195,11,0,0,0,0,
2011,503,R,3,41,14,3,3,0,0,
2011,503,SUM,3,41,14,3,3,0,0,
2011,622,R,7,84,12,7,6,1,0,
2011,622,SUM,7,84,12,7,6,1,0,
2011,680,N,7,42,6,6,3,3,0,
2011,680,R,67,318,5,56,23,33,0,
2011,680,SUM,74,360,5,62,26,36,0,
2011,Reg_1,N,3,12,4,3,3,0,0,
2011,Reg_1,R,38,387,10,36,28,8,0,
2011,Reg_1,SUM,41,399,10,39,31,8,0,
2011,Reg_2,N,1,2,2,1,0,1,0,
2011,Reg_2,R,29,192,7,27,14,12,0,
2011,Reg_2,SUM,30,194,7,28,14,13,0,
2011,Reg_3,N,11,92,8,3,2,0,0,
2011,Reg_3,R,61,379,6,11,11,0,0,
2011,Reg_3,SUM,72,471,7,14,13,0,0,
2011,Reg_4,N,3,6,2,3,3,0,0,
2011,Reg_4,R,52,317,6,46,29,17,0,
2011,Reg_4,SUM,55,323,6,49,32,17,0,
2011,Reg_5,N,21,185,9,1,1,0,0,
2011,Reg_5,R,80,625,8,4,4,0,0,
2011,Reg_5,SUM,102,811,8,5,5,0,0,
2011,Reg_6,N,7,42,6,6,3,3,0,
2011,Reg_6,R,74,402,6,63,29,34,0,
2011,Reg_6,SUM,81,444,6,69,32,37,0,
2011,State,N,49,346,7,17,12,4,0,
2011,State,R,334,2302,7,186,115,70,0,
2011,State,SUM,382,2648,7,203,127,74,0,
2012,100,R,2,31,16,2,2,0,0,
2012,100,SUM,2,31,16,2,2,0,0,
2012,102,R,1,10,10,1,1,0,0,
2012,102,SUM,1,10,10,1,1,0,0,
2012,121,R,4,61,15,4,4,0,0,
2012,121,SUM,4,61,15,4,4,0,0,
2012,122,N,1,11,11,1,1,0,0,
2012,122,R,13,84,7,12,5,7,0,
2012,122,SUM,14,95,7,13,6,7,0,
2012,123,N,1,6,6,1,1,0,0,
2012,123,R,3,52,17,3,3,0,0,
2012,123,SUM,4,58,15,4,4,0,0,
2012,124,R,9,95,11,9,8,1,0,
2012,124,SUM,9,95,11,9,8,1,0,
2012,203,R,10,62,6,10,8,3,0,
2012,203,SUM,10,62,6,10,8,3,0,
2012,210,R,4,27,7,3,1,1,0,
2012,210,SUM,4,27,7,3,1,1,0,
2012,212,R,1,5,5,1,1,0,0,
2012,212,SUM,1,5,5,1,1,0,0,
2012,216,R,4,24,6,3,2,1,0,
2012,216,SUM,4,24,6,3,2,1,0,
2012,250,N,1,2,2,1,1,0,0,
2012,250,R,1,21,21,1,1,0,0,
2012,250,SUM,2,23,12,2,2,0,0,
2012,261,R,1,15,15,1,1,0,0,
2012,261,SUM,1,15,15,1,1,0,0,
2012,270,R,2,8,4,2,2,0,0,
2012,270,SUM,2,8,4,2,2,0,0,
2012,300,N,13,83,7,3,3,0,0,
2012,300,R,22,73,3,0,0,0,0,
2012,300,SUM,34,155,5,3,3,0,0,
2012,301,R,5,41,10,5,5,0,0,
2012,301,SUM,5,41,10,5,5,0,0,
2012,302,R,14,122,9,6,3,2,0,
2012,302,SUM,14,122,9,6,3,2,0,
2012,303,N,3,28,9,0,0,0,0,
2012,303,R,14,36,3,2,2,0,0,
2012,303,SUM,17,65,4,2,2,0,0,
2012,304,R,1,14,14,1,1,0,0,
2012,304,SUM,1,14,14,1,1,0,0,
2012,315,R,1,14,14,1,1,0,0,
2012,315,SUM,1,14,14,1,1,0,0,
2012,421,R,2,11,6,1,1,0,0,
2012,421,SUM,2,11,6,1,1,0,0,
2012,422,R,5,17,3,4,4,0,0,
2012,422,SUM,5,17,3,4,4,0,0,
2012,423,N,1,5,5,1,1,0,0,
2012,423,R,3,16,5,2,1,1,0,
2012,423,SUM,4,21,5,3,2,1,0,
2012,424,N,1,2,2,1,1,0,0,
2012,424,R,3,37,12,3,3,0,0,
2012,424,SUM,4,39,10,4,4,0,0,
2012,441,R,5,61,12,5,5,0,0,
2012,441,SUM,5,61,12,5,5,0,0,
2012,455,R,0,0,0,0,0,0,0,
2012,455,SUM,0,0,0,0,0,0,0,
2012,482,N,1,4,4,1,1,0,0,
2012,482,R,28,159,6,21,14,7,0,
2012,482,SUM,29,163,6,22,15,7,0,
2012,500,N,2,30,15,0,0,0,0,
2012,500,R,17,82,5,1,1,0,0,
2012,500,SUM,19,112,6,1,1,0,0,
2012,501,N,7,51,8,0,0,0,0,
2012,501,R,25,178,7,2,2,0,0,
2012,501,SUM,31,229,7,2,2,0,0,
2012,502,N,0,0,0,0,0,0,0,
2012,502,R,15,97,7,4,4,0,0,
2012,502,SUM,15,97,7,4,4,0,0,
2012,503,R,3,15,5,3,3,0,0,
2012,503,SUM,3,15,5,3,3,0,0,
2012,622,R,12,53,4,11,7,4,0,
2012,622,SUM,12,53,4,11,7,4,0,
2012,680,N,4,15,4,3,2,1,0,
2012,680,R,58,295,5,35,19,14,0,
2012,680,SUM,62,310,5,38,21,15,0,
2012,Reg_1,N,2,17,9,2,2,0,0,
2012,Reg_1,R,32,333,10,31,23,8,0,
2012,Reg_1,SUM,34,350,10,33,25,8,0,
2012,Reg_2,N,1,2,2,1,1,0,0,
2012,Reg_2,R,23,162,7,21,16,5,0,
2012,Reg_2,SUM,24,164,7,22,17,5,0,
2012,Reg_3,N,16,111,7,3,3,0,0,
2012,Reg_3,R,56,300,6,15,12,3,0,
2012,Reg_3,SUM,72,411,6,17,15,3,0,
2012,Reg_4,N,3,11,4,3,3,0,0,
2012,Reg_4,R,46,301,7,36,28,8,0,
2012,Reg_4,SUM,49,312,7,39,31,8,0,
2012,Reg_5,N,9,81,10,0,0,0,0,
2012,Reg_5,R,59,372,6,10,10,0,0,
2012,Reg_5,SUM,67,453,7,10,10,0,0,
2012,Reg_6,N,4,15,4,3,2,1,0,
2012,Reg_6,R,70,348,5,46,26,18,0,
2012,Reg_6,SUM,74,363,5,49,28,19,0,
2012,State,N,36,240,7,12,11,1,0,
2012,State,R,287,1823,6,159,115,41,0,
2012,State,SUM,322,2063,6,170,125,42,0,
2013,100,R,2,29,15,2,2,0,0,
2013,100,SUM,2,29,15,2,2,0,0,
2013,102,R,1,20,20,1,1,0,0,
2013,102,SUM,1,20,20,1,1,0,0,
2013,122,R,10,86,9,9,5,3,0,
2013,122,SUM,10,86,9,9,5,3,0,
2013,123,N,0,0,0,0,0,0,0,
2013,123,R,4,41,10,3,3,0,0,
2013,123,SUM,4,41,10,3,3,0,0,
2013,124,N,1,7,7,1,1,0,0,
2013,124,R,11,101,9,11,7,4,0,
2013,124,SUM,12,108,9,12,8,4,0,
2013,203,R,10,78,8,10,5,5,0,
2013,203,SUM,10,78,8,10,5,5,0,
2013,210,R,4,36,9,4,2,2,0,
2013,210,SUM,4,36,9,4,2,2,0,
2013,212,R,1,4,4,1,1,0,0,
2013,212,SUM,1,4,4,1,1,0,0,
2013,216,R,4,13,3,3,2,1,0,
2013,216,SUM,4,13,3,3,2,1,0,
2013,250,R,3,20,7,3,3,0,0,
2013,250,SUM,3,20,7,3,3,0,0,
2013,261,R,1,6,6,1,1,0,0,
2013,261,SUM,1,6,6,1,1,0,0,
2013,270,N,1,2,2,1,1,0,0,
2013,270,R,2,8,4,2,2,0,0,
2013,270,SUM,3,10,3,3,3,0,0,
2013,300,N,7,36,6,1,1,0,0,
2013,300,R,17,66,4,0,0,0,0,
2013,300,SUM,23,102,4,1,1,0,0,
2013,301,R,5,44,9,5,5,0,0,
2013,301,SUM,5,44,9,5,5,0,0,
2013,302,N,2,20,10,0,0,0,0,
2013,302,R,16,87,5,11,4,6,0,
2013,302,SUM,18,107,6,11,4,6,0,
2013,303,N,6,31,6,1,1,0,0,
2013,303,R,24,156,7,2,2,0,0,
2013,303,SUM,30,188,7,3,3,0,0,
2013,305,R,1,7,7,1,1,0,0,
2013,305,SUM,1,7,7,1,1,0,0,
2013,315,R,1,10,10,1,1,0,0,
2013,315,SUM,1,10,10,1,1,0,0,
2013,421,R,2,20,10,2,2,0,0,
2013,421,SUM,2,20,10,2,2,0,0,
2013,422,R,3,10,3,3,2,1,0,
2013,422,SUM,3,10,3,3,2,1,0,
2013,423,R,3,48,16,3,3,0,0,
2013,423,SUM,3,48,16,3,3,0,0,
2013,424,R,4,57,14,4,4,0,0,
2013,424,SUM,4,57,14,4,4,0,0,
2013,441,N,1,12,12,1,1,0,0,
2013,441,R,4,79,20,4,4,0,0,
2013,441,SUM,5,91,18,5,5,0,0,
2013,482,N,1,1,1,1,1,0,0,
2013,482,R,29,156,5,23,14,9,0,
2013,482,SUM,30,157,5,24,15,9,0,
2013,500,N,6,60,10,0,0,0,0,
2013,500,R,16,78,5,2,2,0,0,
2013,500,SUM,22,138,6,2,2,0,0,
2013,501,N,15,151,10,1,1,0,0,
2013,501,R,36,279,8,1,1,0,0,
2013,501,SUM,51,430,9,2,2,0,0,
2013,502,N,5,40,8,2,2,0,0,
2013,502,R,15,79,5,2,2,0,0,
2013,502,SUM,20,119,6,4,4,0,0,
2013,503,R,3,13,4,3,3,0,0,
2013,503,SUM,3,13,4,3,3,0,0,
2013,622,N,1,1,1,1,1,0,0,
2013,622,R,16,68,4,15,7,8,0,
2013,622,SUM,17,69,4,16,8,8,0,
2013,680,N,5,33,7,4,2,2,0,
2013,680,R,55,236,4,48,21,24,0,
2013,680,SUM,60,269,5,51,23,25,0,
2013,Reg_1,N,1,7,7,1,1,0,0,
2013,Reg_1,R,28,277,10,25,18,6,0,
2013,Reg_1,SUM,29,284,10,26,19,6,0,
2013,Reg_2,N,1,2,2,1,1,0,0,
2013,Reg_2,R,25,165,7,24,16,8,0,
2013,Reg_2,SUM,26,167,6,25,17,8,0,
2013,Reg_3,N,14,87,6,2,2,0,0,
2013,Reg_3,R,64,371,6,20,13,7,0,
2013,Reg_3,SUM,79,458,6,22,15,7,0,
2013,Reg_4,N,2,13,7,2,2,0,0,
2013,Reg_4,R,45,370,8,39,29,10,0,
2013,Reg_4,SUM,47,383,8,41,31,10,0,
2013,Reg_5,N,26,251,10,3,3,0,0,
2013,Reg_5,R,70,449,7,8,8,0,0,
2013,Reg_5,SUM,96,700,7,11,11,0,0,
2013,Reg_6,N,6,34,6,5,3,2,0,
2013,Reg_6,R,71,304,4,63,28,32,0,
2013,Reg_6,SUM,77,338,5,67,31,33,0,
2013,State,N,52,408,8,14,12,2,0,
2013,State,R,303,1935,7,179,112,63,0,
2013,State,SUM,355,2343,7,193,124,65,0,
2014,100,N,1,4,4,1,1,0,0,
2014,100,R,1,1,1,1,1,0,0,
2014,100,SUM,2,5,3,2,2,0,0,
2014,102,N,1,8,8,1,1,0,0,
2014,102,SUM,1,8,8,1,1,0,0,
2014,121,R,1,19,19,1,1,0,0,
2014,121,SUM,1,19,19,1,1,0,0,
2014,122,R,9,87,10,6,5,1,0,
2014,122,SUM,9,87,10,6,5,1,0,
2014,123,R,4,68,17,4,4,0,0,
2014,123,SUM,4,68,17,4,4,0,0,
2014,124,R,12,168,14,10,7,2,0,
2014,124,SUM,12,168,14,10,7,2,0,
2014,203,N,1,2,2,1,1,0,0,
2014,203,R,5,36,7,5,0,4,0,
2014,203,SUM,6,38,6,6,1,4,0,
2014,210,R,3,16,5,2,2,0,0,
2014,210,SUM,3,16,5,2,2,0,0,
2014,212,R,1,28,28,1,1,0,0,
2014,212,SUM,1,28,28,1,1,0,0,
2014,213,R,4,85,21,4,4,0,0,
2014,213,SUM,4,85,21,4,4,0,0,
2014,216,R,4,23,9,4,1,2,0,
2014,216,SUM,4,23,9,4,1,2,0,
2014,250,R,3,28,9,3,3,0,0,
2014,250,SUM,3,28,9,3,3,0,0,
2014,261,R,1,8,8,1,1,0,0,
2014,261,SUM,1,8,8,1,1,0,0,
2014,270,R,3,36,12,3,3,0,0,
2014,270,SUM,3,36,12,3,3,0,0,
2014,300,N,8,39,5,0,0,0,0,
2014,300,R,36,129,4,0,0,0,0,
2014,300,SUM,44,168,4,0,0,0,0,
2014,301,R,5,62,12,5,4,1,0,
2014,301,SUM,5,62,12,5,4,1,0,
2014,302,N,2,9,5,2,0,2,0,
2014,302,R,18,117,7,15,4,10,0,
2014,302,SUM,20,126,6,17,4,12,0,
2014,303,N,1,10,10,0,0,0,0,
2014,303,R,24,208,9,2,1,0,0,
2014,303,SUM,25,218,9,2,1,0,0,
2014,305,R,1,10,10,0,0,0,0,
2014,305,SUM,1,10,10,0,0,0,0,
2014,315,R,1,45,45,1,1,0,0,
2014,315,SUM,1,45,45,1,1,0,0,
2014,340,R,1,2,2,1,1,0,0,
2014,340,SUM,1,2,2,1,1,0,0,
2014,421,N,1,2,2,1,1,0,0,
2014,421,R,1,4,4,1,1,0,0,
2014,421,SUM,2,6,3,2,2,0,0,
2014,422,R,4,22,6,4,4,0,0,
2014,422,SUM,4,22,6,4,4,0,0,
2014,423,R,2,21,11,2,2,0,0,
2014,423,SUM,2,21,11,2,2,0,0,
2014,424,R,4,27,7,4,4,0,0,
2014,424,SUM,4,27,7,4,4,0,0,
2014,441,R,4,17,6,4,3,0,0,
2014,441,SUM,4,17,6,4,3,0,0,
2014,482,N,1,7,7,1,1,0,0,
2014,482,R,34,159,5,29,15,14,0,
2014,482,SUM,35,166,5,30,16,14,0,
2014,500,N,5,36,7,1,1,0,0,
2014,500,R,16,72,5,1,1,0,0,
2014,500,SUM,21,107,5,2,2,0,0,
2014,501,N,18,143,8,0,0,0,0,
2014,501,R,33,210,6,3,2,0,0,
2014,501,SUM,51,353,7,3,2,0,0,
2014,502,N,7,55,8,1,1,0,0,
2014,502,R,16,96,6,0,0,0,0,
2014,502,SUM,23,150,7,1,1,0,0,
2014,503,R,3,38,13,3,3,0,0,
2014,503,SUM,3,38,13,3,3,0,0,
2014,620,R,1,3,3,1,1,0,0,
2014,620,SUM,1,3,3,1,1,0,0,
2014,622,N,2,3,2,2,0,2,0,
2014,622,R,24,84,3,22,9,13,0,
2014,622,SUM,26,87,3,24,9,15,0,
2014,680,N,3,7,2,2,2,0,0,
2014,680,R,56,303,5,40,22,18,0,
2014,680,SUM,59,310,5,42,24,18,0,
2014,Reg_1,N,2,12,6,2,2,0,0,
2014,Reg_1,R,27,343,13,22,18,3,0,
2014,Reg_1,SUM,29,355,12,24,20,3,0,
2014,Reg_2,N,1,2,2,1,1,0,0,
2014,Reg_2,R,24,260,11,23,15,6,0,
2014,Reg_2,SUM,25,262,11,24,16,6,0,
2014,Reg_3,N,11,58,5,2,0,2,0,
2014,Reg_3,R,86,573,7,24,11,12,0,
2014,Reg_3,SUM,97,631,7,26,11,14,0,
2014,Reg_4,N,2,9,5,2,2,0,0,
2014,Reg_4,R,49,250,5,44,29,14,0,
2014,Reg_4,SUM,51,259,5,46,31,14,0,
2014,Reg_5,N,30,234,8,2,2,0,0,
2014,Reg_5,R,68,415,6,7,6,0,0,
2014,Reg_5,SUM,98,649,7,9,8,0,0,
2014,Reg_6,N,5,10,2,4,2,2,0,
2014,Reg_6,R,82,390,5,63,32,31,0,
2014,Reg_6,SUM,87,400,5,67,34,33,0,
2014,State,N,52,325,6,13,9,4,0,
2014,State,R,335,2231,7,183,111,66,0,
2014,State,SUM,388,2556,7,196,120,70,0,
2015,100,R,2,24,12,2,2,0,0,
2015,100,SUM,2,24,12,2,2,0,0,
2015,102,R,1,44,44,1,1,0,0,
2015,102,SUM,1,44,44,1,1,0,0,
2015,121,R,1,15,15,1,1,0,0,
2015,121,SUM,1,15,15,1,1,0,0,
2015,123,N,0,0,0,0,0,0,0,
2015,123,R,3,38,13,3,2,0,0,
2015,123,SUM,3,38,13,3,2,0,0,
2015,124,R,12,113,10,11,7,3,0,
2015,124,SUM,12,113,10,11,7,3,0,
2015,203,R,12,51,4,12,5,7,0,
2015,203,SUM,12,51,4,12,5,7,0,
2015,210,N,2,3,2,2,1,1,0,
2015,210,R,2,9,5,2,1,1,0,
2015,210,SUM,4,12,3,4,2,2,0,
2015,212,R,1,5,5,1,1,0,0,
2015,212,SUM,1,5,5,1,1,0,0,
2015,213,R,2,45,23,2,2,0,0,
2015,213,SUM,2,45,23,2,2,0,0,
2015,216,R,9,54,6,9,1,8,0,
2015,216,SUM,9,54,6,9,1,8,0,
2015,250,R,1,20,20,1,1,0,0,
2015,250,SUM,1,20,20,1,1,0,0,
2015,261,R,1,10,10,1,1,0,0,
2015,261,SUM,1,10,10,1,1,0,0,
2015,270,R,1,3,3,1,0,0,0,
2015,270,SUM,1,3,3,1,0,0,0,
2015,300,N,4,20,6,0,0,0,0,
2015,300,R,20,116,6,0,0,0,0,
2015,300,SUM,23,136,6,0,0,0,0,
2015,301,R,5,53,11,5,5,0,0,
2015,301,SUM,5,53,11,5,5,0,0,
2015,302,R,13,115,9,9,3,6,0,
2015,302,SUM,13,115,9,9,3,6,0,
2015,303,N,2,9,5,1,1,0,0,
2015,303,R,24,234,10,1,1,0,0,
2015,303,SUM,26,243,9,2,2,0,0,
2015,315,N,22,152,7,3,0,2,0,
2015,315,R,218,1460,7,20,6,12,0,
2015,315,SUM,239,1612,7,23,6,14,0,
2015,340,R,1,4,4,1,1,0,0,
2015,340,SUM,1,4,4,1,1,0,0,
2015,421,R,2,19,10,2,2,0,0,
2015,421,SUM,2,19,10,2,2,0,0,
2015,422,R,4,12,3,4,4,0,0,
2015,422,SUM,4,12,3,4,4,0,0,
2015,423,R,2,18,9,2,2,0,0,
2015,423,SUM,2,18,9,2,2,0,0,
2015,424,N,1,3,3,1,1,0,0,
2015,424,R,2,27,14,2,2,0,0,
2015,424,SUM,3,30,10,3,3,0,0,
2015,441,R,4,97,24,4,4,0,0,
2015,441,SUM,4,97,24,4,4,0,0,
2015,482,N,4,14,4,3,2,1,0,
2015,482,R,34,194,6,32,19,13,0,
2015,482,SUM,38,208,6,35,21,14,0,
2015,500,N,12,81,7,0,0,0,0,
2015,500,R,29,204,7,2,2,0,0,
2015,500,SUM,41,285,7,2,2,0,0,
2015,501,N,16,136,9,1,1,0,0,
2015,501,R,35,301,9,0,0,0,0,
2015,501,SUM,51,437,9,1,1,0,0,
2015,502,N,8,56,7,1,1,0,0,
2015,502,R,27,148,6,2,2,0,0,
2015,502,SUM,35,204,6,3,3,0,0,
2015,503,R,3,67,22,2,2,0,0,
2015,503,SUM,3,67,22,2,2,0,0,
2015,620,N,1,1,1,1,1,0,0,
2015,620,SUM,1,1,1,1,1,0,0,
2015,622,N,1,1,1,1,1,0,0,
2015,622,R,37,126,4,34,8,25,0,
2015,622,SUM,38,127,4,35,9,25,0,
2015,680,N,4,13,3,4,2,2,0,
2015,680,R,60,384,6,41,23,18,0,
2015,680,SUM,64,397,6,45,25,20,0,
2015,Reg_1,R,19,234,13,18,13,3,0,
2015,Reg_1,SUM,19,234,13,18,13,3,0,
2015,Reg_2,N,2,3,2,2,1,1,0,
2015,Reg_2,R,29,197,7,29,12,16,0,
2015,Reg_2,SUM,31,200,7,31,13,17,0,
2015,Reg_3,N,27,181,7,4,1,2,0,
2015,Reg_3,R,280,1982,7,36,16,18,0,
2015,Reg_3,SUM,307,2164,7,40,17,20,0,
2015,Reg_4,N,5,17,3,4,3,1,0,
2015,Reg_4,R,48,368,8,46,33,13,0,
2015,Reg_4,SUM,53,385,7,50,36,14,0,
2015,Reg_5,N,36,272,8,2,2,0,0,
2015,Reg_5,R,94,719,8,6,6,0,0,
2015,Reg_5,SUM,130,992,8,8,8,0,0,
2015,Reg_6,N,6,15,3,6,4,2,0,
2015,Reg_6,R,97,510,5,74,31,42,0,
2015,Reg_6,SUM,103,525,5,80,35,44,0,
2015,State,N,78,509,7,18,11,6,0,
2015,State,R,568,4010,7,209,111,93,0,
2015,State,SUM,645,4518,7,227,122,99,0,
2016,100,R,2,13,7,2,2,0,0,
2016,100,SUM,2,13,7,2,2,0,0,
2016,102,R,1,6,6,1,1,0,0,
2016,102,SUM,1,6,6,1,1,0,0,
2016,121,R,1,6,6,1,1,0,0,
2016,121,SUM,1,6,6,1,1,0,0,
2016,123,R,0,0,0,0,0,0,0,
2016,123,SUM,0,0,0,0,0,0,0,
2016,124,N,1,3,3,1,1,0,0,
2016,124,R,12,52,4,10,7,3,0,
2016,124,SUM,13,55,4,11,8,3,0,
2016,203,R,12,89,7,12,5,7,0,
2016,203,SUM,12,89,7,12,5,7,0,
2016,210,R,4,16,4,4,2,2,0,
2016,210,SUM,4,16,4,4,2,2,0,
2016,212,R,0,0,0,0,0,0,0,
2016,212,SUM,0,0,0,0,0,0,0,
2016,213,R,1,6,6,1,1,0,0,
2016,213,SUM,1,6,6,1,1,0,0,
2016,216,N,1,1,1,1,0,1,0,
2016,216,R,11,50,5,10,2,8,0,
2016,216,SUM,12,51,4,11,2,9,0,
2016,250,R,3,60,20,2,2,0,0,
2016,250,SUM,3,60,20,2,2,0,0,
2016,261,R,0,0,0,0,0,0,0,
2016,261,SUM,0,0,0,0,0,0,0,
2016,270,R,3,30,10,3,3,0,0,
2016,270,SUM,3,30,10,3,3,0,0,
2016,300,N,5,29,6,1,1,0,0,
2016,300,R,16,78,5,0,0,0,0,
2016,300,SUM,21,107,5,1,1,0,0,
2016,301,N,1,1,1,1,1,0,0,
2016,301,R,16,75,5,13,4,9,0,
2016,301,SUM,17,76,5,14,5,9,0,
2016,302,N,1,15,15,1,1,0,0,
2016,302,R,10,55,6,6,5,1,0,
2016,302,SUM,11,70,6,7,6,1,0,
2016,303,N,4,26,7,1,0,0,0,
2016,303,R,29,246,8,2,2,0,0,
2016,303,SUM,33,272,8,3,2,0,0,
2016,315,N,1,6,6,0,0,0,0,
2016,315,R,40,373,9,5,2,2,0,
2016,315,SUM,41,379,9,5,2,2,0,
2016,340,R,1,12,12,1,1,0,0,
2016,340,SUM,1,12,12,1,1,0,0,
2016,421,R,2,10,5,2,2,0,0,
2016,421,SUM,2,10,5,2,2,0,0,
2016,422,R,5,36,7,5,5,0,0,
2016,422,SUM,5,36,7,5,5,0,0,
2016,423,R,2,16,8,1,1,0,0,
2016,423,SUM,2,16,8,1,1,0,0,
2016,424,R,4,36,9,4,4,0,0,
2016,424,SUM,4,36,9,4,4,0,0,
2016,441,N,1,5,5,1,1,0,0,
2016,441,R,4,43,11,4,4,0,0,
2016,441,SUM,5,48,10,5,5,0,0,
2016,455,R,1,15,15,1,1,0,0,
2016,455,SUM,1,15,15,1,1,0,0,
2016,482,N,2,3,2,2,2,0,0,
2016,482,R,49,196,4,42,17,25,0,
2016,482,SUM,51,199,4,44,19,25,0,
2016,500,N,1,12,12,0,0,0,0,
2016,500,R,25,162,7,1,1,0,0,
2016,500,SUM,26,174,7,1,1,0,0,
2016,501,N,10,64,6,1,1,0,0,
2016,501,R,27,176,7,1,1,0,0,
2016,501,SUM,38,241,6,2,2,0,0,
2016,502,N,8,84,11,0,0,0,0,
2016,502,R,10,59,6,1,1,0,0,
2016,502,SUM,18,143,8,1,1,0,0,
2016,503,R,3,42,14,3,3,0,0,
2016,503,SUM,3,42,14,3,3,0,0,
2016,620,N,1,1,1,1,1,0,0,
2016,620,SUM,1,1,1,1,1,0,0,
2016,622,N,3,10,3,3,1,2,0,
2016,622,R,70,266,4,57,10,46,0,
2016,622,SUM,73,276,4,60,11,48,0,
2016,680,N,6,37,6,5,2,3,0,
2016,680,R,59,301,5,44,23,21,0,
2016,680,SUM,65,338,5,49,25,24,0,
2016,Reg_1,N,1,3,3,1,1,0,0,
2016,Reg_1,R,16,77,5,14,11,3,0,
2016,Reg_1,SUM,17,80,5,15,12,3,0,
2016,Reg_2,N,1,1,1,1,0,1,0,
2016,Reg_2,R,34,252,7,32,15,17,0,
2016,Reg_2,SUM,35,253,7,33,15,18,0,
2016,Reg_3,N,12,77,7,4,3,0,0,
2016,Reg_3,R,112,839,8,27,14,12,0,
2016,Reg_3,SUM,123,916,7,31,17,12,0,
2016,Reg_4,N,3,8,3,3,3,0,0,
2016,Reg_4,R,67,352,5,59,34,25,0,
2016,Reg_4,SUM,70,360,5,62,37,25,0,
2016,Reg_5,N,19,160,8,1,1,0,0,
2016,Reg_5,R,65,438,7,6,6,0,0,
2016,Reg_5,SUM,84,599,7,7,7,0,0,
2016,Reg_6,N,10,48,5,9,4,5,0,
2016,Reg_6,R,129,567,5,102,33,67,0,
2016,Reg_6,SUM,139,615,5,111,37,72,0,
2016,State,N,48,306,6,19,12,6,0,
2016,State,R,423,2525,6,240,113,124,0,
2016,State,SUM,471,2831,6,259,125,130,0,
2017,100,N,1,5,5,1,1,0,0,
2017,100,R,1,14,14,1,1,0,0,
2017,100,SUM,2,19,10,2,2,0,0,
2017,102,N,1,7,7,1,0,1,0,
2017,102,SUM,1,7,7,1,0,1,0,
2017,121,R,0,0,0,0,0,0,0,
2017,121,SUM,0,0,0,0,0,0,0,
2017,123,R,4,70,18,3,3,0,0,
2017,123,SUM,4,70,18,3,3,0,0,
2017,124,R,12,57,5,9,6,3,0,
2017,124,SUM,12,57,5,9,6,3,0,
2017,203,R,11,96,9,11,4,6,0,
2017,203,SUM,11,96,9,11,4,6,0,
2017,210,R,4,31,8,4,2,2,0,
2017,210,SUM,4,31,8,4,2,2,0,
2017,212,R,1,30,30,1,1,0,0,
2017,212,SUM,1,30,30,1,1,0,0,
2017,213,R,2,14,7,2,2,0,0,
2017,213,SUM,2,14,7,2,2,0,0,
2017,216,N,1,4,4,1,1,0,0,
2017,216,R,11,26,2,10,1,9,0,
2017,216,SUM,12,30,3,11,2,9,0,
2017,250,N,1,2,2,1,1,0,0,
2017,250,R,2,20,10,2,2,0,0,
2017,250,SUM,3,22,7,3,3,0,0,
2017,261,R,1,25,25,1,1,0,0,
2017,261,SUM,1,25,25,1,1,0,0,
2017,270,R,3,9,3,3,3,0,0,
2017,270,SUM,3,9,3,3,3,0,0,
2017,300,N,3,20,8,0,0,0,0,
2017,300,R,19,75,4,2,1,0,0,
2017,300,SUM,22,95,4,2,1,0,0,
2017,301,R,17,102,6,16,7,8,0,
2017,301,SUM,17,102,6,16,7,8,0,
2017,302,R,7,55,8,6,4,2,0,
2017,302,SUM,7,55,8,6,4,2,0,
2017,303,N,4,12,3,0,0,0,0,
2017,303,R,15,45,3,2,2,0,0,
2017,303,SUM,19,57,3,2,2,0,0,
2017,340,N,1,8,8,1,1,0,0,
2017,340,R,1,4,4,1,1,0,0,
2017,340,SUM,2,12,6,2,2,0,0,
2017,421,R,2,10,5,2,2,0,0,
2017,421,SUM,2,10,5,2,2,0,0,
2017,422,N,1,1,1,1,1,0,0,
2017,422,R,4,47,12,4,4,0,0,
2017,422,SUM,5,48,10,5,5,0,0,
2017,423,R,2,16,8,2,2,0,0,
2017,423,SUM,2,16,8,2,2,0,0,
2017,424,R,4,32,8,4,4,0,0,
2017,424,SUM,4,32,8,4,4,0,0,
2017,441,R,2,36,18,1,1,0,0,
2017,441,SUM,2,36,18,1,1,0,0,
2017,455,R,0,0,0,0,0,0,0,
2017,455,SUM,0,0,0,0,0,0,0,
2017,482,N,5,12,2,5,2,3,0,
2017,482,R,48,308,6,37,17,19,0,
2017,482,SUM,53,320,6,42,19,22,0,
2017,500,N,15,68,5,0,0,0,0,
2017,500,R,20,115,6,2,2,0,0,
2017,500,SUM,34,183,5,2,2,0,0,
2017,501,N,6,58,10,0,0,0,0,
2017,501,R,32,211,7,0,0,0,0,
2017,501,SUM,37,270,7,0,0,0,0,
2017,502,N,8,52,7,0,0,0,0,
2017,502,R,21,116,6,1,1,0,0,
2017,502,SUM,29,168,6,1,1,0,0,
2017,503,R,3,16,5,3,3,0,0,
2017,503,SUM,3,16,5,3,3,0,0,
2017,620,R,1,4,4,1,1,0,0,
2017,620,SUM,1,4,4,1,1,0,0,
2017,622,N,4,8,2,4,1,3,0,
2017,622,R,51,201,4,35,12,23,0,
2017,622,SUM,55,209,4,39,13,26,0,
2017,680,N,3,29,10,3,2,1,0,
2017,680,R,64,356,6,42,20,22,0,
2017,680,SUM,67,385,6,45,22,23,0,
2017,Reg_1,N,2,12,6,2,1,1,0,
2017,Reg_1,R,17,141,8,13,10,3,0,
2017,Reg_1,SUM,19,153,8,15,11,4,0,
2017,Reg_2,N,2,6,3,2,2,0,0,
2017,Reg_2,R,34,251,7,33,16,16,0,
2017,Reg_2,SUM,36,257,7,35,18,16,0,
2017,Reg_3,N,8,40,5,1,1,0,0,
2017,Reg_3,R,59,281,5,27,15,10,0,
2017,Reg_3,SUM,66,321,5,28,16,10,0,
2017,Reg_4,N,6,13,2,6,3,3,0,
2017,Reg_4,R,62,449,7,50,30,19,0,
2017,Reg_4,SUM,68,462,7,56,33,22,0,
2017,Reg_5,N,29,178,6,0,0,0,0,
2017,Reg_5,R,75,458,6,6,6,0,0,
2017,Reg_5,SUM,104,636,6,6,6,0,0,
2017,Reg_6,N,7,37,5,7,3,4,0,
2017,Reg_6,R,115,561,5,78,33,45,0,
2017,Reg_6,SUM,122,598,5,85,36,49,0,
2017,State,N,54,290,5,18,10,8,0,
2017,State,R,363,2165,6,207,110,93,0,
2017,State,SUM,417,2455,6,225,120,101,0,
2018,100,R,3,18,6,3,3,0,0,
2018,100,SUM,3,18,6,3,3,0,0,
2018,102,N,1,8,8,1,1,0,0,
2018,102,SUM,1,8,8,1,1,0,0,
2018,121,R,1,25,25,1,1,0,0,
2018,121,SUM,1,25,25,1,1,0,0,
2018,123,R,4,42,11,3,3,0,0,
2018,123,SUM,4,42,11,3,3,0,0,
2018,124,R,7,79,11,7,5,1,1,
2018,124,SUM,7,79,11,7,5,1,1,
2018,203,R,12,48,4,12,5,7,0,
2018,203,SUM,12,48,4,12,5,7,0,
2018,210,R,2,49,25,2,0,0,2,
2018,210,SUM,2,49,25,2,0,0,2,
2018,212,R,1,7,7,1,1,0,0,
2018,212,SUM,1,7,7,1,1,0,0,
2018,213,R,2,40,20,2,2,0,0,
2018,213,SUM,2,40,20,2,2,0,0,
2018,216,N,1,1,1,0,0,0,0,
2018,216,R,11,68,6,8,2,6,0,
2018,216,SUM,12,69,6,8,2,6,0,
2018,250,N,1,4,4,1,1,0,0,
2018,250,R,2,9,5,2,1,0,1,
2018,250,SUM,3,13,4,3,2,0,1,
2018,261,N,1,2,2,1,1,0,0,
2018,261,SUM,1,2,2,1,1,0,0,
2018,270,R,2,38,19,2,2,0,0,
2018,270,SUM,2,38,19,2,2,0,0,
2018,300,N,5,25,5,1,1,0,0,
2018,300,R,24,110,5,0,0,0,0,
2018,300,SUM,29,135,5,1,1,0,0,
2018,301,N,1,3,3,0,0,0,0,
2018,301,R,11,136,13,8,3,4,1,
2018,301,SUM,12,139,12,8,3,4,1,
2018,302,R,7,80,11,5,4,0,1,
2018,302,SUM,7,80,11,5,4,0,1,
2018,303,N,6,31,5,0,0,0,0,
2018,303,R,32,212,7,2,2,0,0,
2018,303,SUM,38,243,6,2,2,0,0,
2018,304,R,1,2,2,1,1,0,0,
2018,304,SUM,1,2,2,1,1,0,0,
2018,330,R,1,10,10,1,1,0,0,
2018,330,SUM,1,10,10,1,1,0,0,
2018,340,R,2,51,26,2,2,0,0,
2018,340,SUM,2,51,26,2,2,0,0,
2018,421,R,2,7,4,2,2,0,0,
2018,421,SUM,2,7,4,2,2,0,0,
2018,422,R,4,17,4,4,4,0,0,
2018,422,SUM,4,17,4,4,4,0,0,
2018,423,R,2,21,11,2,2,0,0,
2018,423,SUM,2,21,11,2,2,0,0,
2018,424,N,1,1,1,1,1,0,0,
2018,424,R,1,7,7,1,1,0,0,
2018,424,SUM,2,8,4,2,2,0,0,
2018,441,R,3,67,22,1,1,0,0,
2018,441,SUM,3,67,22,1,1,0,0,
2018,455,R,2,12,6,2,2,0,0,
2018,455,SUM,2,12,6,2,2,0,0,
2018,482,N,5,86,17,4,2,2,0,
2018,482,R,54,277,5,45,16,28,1,
2018,482,SUM,59,362,6,49,18,30,1,
2018,500,N,11,106,10,0,0,0,0,
2018,500,R,19,97,5,2,2,0,0,
2018,500,SUM,30,203,7,2,2,0,0,
2018,501,N,21,145,7,2,2,0,0,
2018,501,R,21,84,4,0,0,0,0,
2018,501,SUM,42,229,6,2,2,0,0,
2018,502,N,7,69,10,0,0,0,0,
2018,502,R,15,86,6,1,1,0,0,
2018,502,SUM,22,155,7,1,1,0,0,
2018,503,R,3,52,17,3,3,0,0,
2018,503,SUM,3,52,17,3,3,0,0,
2018,620,R,1,1,1,1,1,0,0,
2018,620,SUM,1,1,1,1,1,0,0,
2018,622,N,5,26,5,5,2,3,0,
2018,622,R,43,210,5,34,17,16,0,
2018,622,SUM,48,236,5,39,19,19,0,
2018,680,N,10,51,5,5,2,3,0,
2018,680,R,87,424,5,66,23,43,0,
2018,680,SUM,97,475,5,71,25,46,0,
2018,Reg_1,N,1,8,8,1,1,0,0,
2018,Reg_1,R,15,164,11,14,12,1,0,
2018,Reg_1,SUM,16,172,11,15,13,1,0,
2018,Reg_2,N,3,7,2,2,2,0,0,
2018,Reg_2,R,32,258,8,29,13,13,0,
2018,Reg_2,SUM,35,265,8,31,15,13,0,
2018,Reg_3,N,12,59,5,1,1,0,0,
2018,Reg_3,R,78,601,8,19,13,4,0,
2018,Reg_3,SUM,90,660,8,20,14,4,0,
2018,Reg_4,N,6,87,14,5,3,2,0,
2018,Reg_4,R,68,408,6,57,28,28,0,
2018,Reg_4,SUM,74,494,7,62,31,30,0,
2018,Reg_5,N,39,320,8,2,2,0,0,
2018,Reg_5,R,57,319,6,6,6,0,0,
2018,Reg_5,SUM,96,639,7,8,8,0,0,
2018,Reg_6,N,15,77,5,10,4,6,0,
2018,Reg_6,R,131,634,5,101,41,59,1,
2018,Reg_6,SUM,146,711,5,111,45,65,1,
2018,State,N,76,558,7,20,13,7,0,
2018,State,R,382,2388,6,226,113,105,1,
2018,State,SUM,458,2946,7,246,126,112,1,